comm_i,comm_j,n_companies,exit_rate,failure_rate,ipo_rate,ma_rate,survival_rate,avg_capital,avg_rounds,risk_adjusted
1,7,870,6.321839080459771,4.827586206896552,1.3793103448275863,4.942528735632184,88.85057471264368,16.945642877825524,8.149425287356323,1.4942528735632195
1,14,279,11.11111111111111,5.376344086021505,3.225806451612903,7.885304659498208,83.51254480286738,26.30577725831323,7.580645161290323,5.734767025089606
1,19,69,7.246376811594203,1.4492753623188406,4.3478260869565215,2.898550724637681,91.30434782608697,58.23915258075259,6.550724637681159,5.797101449275362
7,14,366,8.743169398907105,4.098360655737705,2.73224043715847,6.0109289617486334,87.1584699453552,32.75836296552017,7.043715846994536,4.6448087431694
7,19,69,20.28985507246377,2.898550724637681,13.043478260869565,7.246376811594203,76.81159420289855,134.18566369338546,6.869565217391305,17.39130434782609
14,19,36,19.444444444444446,2.7777777777777777,11.11111111111111,8.333333333333332,77.77777777777779,112.68866257816258,6.611111111111111,16.666666666666668
5,7,355,7.323943661971831,4.507042253521127,1.6901408450704223,5.633802816901409,88.16901408450704,18.554447691485947,9.591549295774648,2.816901408450704
5,13,86,5.813953488372093,5.813953488372093,0.0,5.813953488372093,88.37209302325581,42.96901041920401,9.151162790697674,0.0
5,19,33,18.181818181818183,0.0,9.090909090909092,9.090909090909092,81.81818181818181,127.15915731292519,5.0,18.181818181818183
7,13,149,11.409395973154362,2.013422818791946,4.697986577181208,6.7114093959731544,86.5771812080537,55.13429997944351,9.06711409395973,9.395973154362416
13,19,15,33.33333333333333,0.0,20.0,13.333333333333334,66.66666666666667,211.6687179487179,6.4,33.33333333333333
5,11,77,9.090909090909092,3.896103896103896,0.0,9.090909090909092,87.01298701298701,13.956540413533839,10.090909090909092,5.194805194805196
5,14,127,9.448818897637794,3.937007874015748,0.7874015748031495,8.661417322834646,86.61417322834644,20.349551597819744,8.338582677165354,5.511811023622046
11,13,35,8.571428571428571,5.714285714285714,2.857142857142857,5.714285714285714,85.71428571428571,57.735578548085904,11.485714285714286,2.8571428571428568
11,14,62,6.451612903225806,3.225806451612903,0.0,6.451612903225806,90.3225806451613,18.394289401906335,8.338709677419354,3.225806451612903
13,14,83,6.024096385542169,2.4096385542168677,3.614457831325301,2.4096385542168677,91.56626506024097,42.8144246697078,9.168674698795181,3.6144578313253013
7,10,154,7.792207792207792,2.5974025974025974,1.2987012987012987,6.493506493506493,89.6103896103896,20.44432381471107,7.987012987012987,5.194805194805195
10,14,69,10.144927536231885,2.898550724637681,1.4492753623188406,8.695652173913043,86.95652173913044,32.329576855511625,7.405797101449275,7.246376811594203
10,19,17,17.647058823529413,0.0,11.76470588235294,5.88235294117647,82.35294117647058,110.57936243386244,6.588235294117647,17.647058823529413
3,6,548,3.64963503649635,4.744525547445255,0.18248175182481752,3.4671532846715327,91.6058394160584,9.115947813092063,8.549270072992702,-1.0948905109489049
3,7,881,6.015891032917139,4.426787741203178,1.2485811577752552,4.767309875141884,89.55732122587968,15.742312291047615,7.32122587968218,1.5891032917139611
3,11,153,4.57516339869281,5.228758169934641,0.0,4.57516339869281,90.19607843137256,12.700670916985061,8.339869281045752,-0.6535947712418304
3,13,99,10.1010101010101,2.0202020202020203,3.0303030303030303,7.07070707070707,87.87878787878788,36.25678294343046,9.313131313131313,8.08080808080808
6,7,619,4.846526655896607,3.392568659127625,0.6462035541195477,4.20032310177706,91.76090468497577,10.612381999203073,9.166397415185784,1.453957996768982
6,11,117,4.273504273504273,4.273504273504273,0.8547008547008548,3.418803418803419,91.45299145299145,11.681248230272145,10.034188034188034,0.0
6,13,72,9.722222222222223,5.555555555555555,1.3888888888888888,8.333333333333332,84.72222222222221,29.116873808507613,10.277777777777779,4.166666666666668
7,11,200,6.5,4.0,1.0,5.5,89.5,14.899996709239133,8.875,2.5
0,1,321,4.984423676012461,4.049844236760125,0.6230529595015576,4.361370716510903,90.96573208722741,8.202333800356524,10.246105919003115,0.9345794392523361
0,3,308,5.194805194805195,3.2467532467532463,0.974025974025974,4.220779220779221,91.55844155844156,9.400816025759694,10.042207792207792,1.9480519480519485
0,7,396,4.292929292929292,4.040404040404041,1.0101010101010102,3.2828282828282833,91.66666666666666,10.146263264665853,9.984848484848484,0.2525252525252517
0,16,38,5.263157894736842,0.0,2.631578947368421,2.631578947368421,94.73684210526316,24.878492029367028,11.552631578947368,5.263157894736842
0,23,59,6.779661016949152,3.389830508474576,1.694915254237288,5.084745762711865,89.83050847457626,16.879318924235175,11.898305084745763,3.389830508474576
1,3,775,6.322580645161291,5.290322580645161,0.6451612903225806,5.67741935483871,88.38709677419355,11.792314409630222,7.8425806451612905,1.03225806451613
1,16,136,3.6764705882352944,0.0,2.941176470588235,0.7352941176470588,96.32352941176471,13.907017186677876,9.073529411764707,3.6764705882352944
1,23,121,9.090909090909092,7.43801652892562,0.8264462809917356,8.264462809917356,83.47107438016529,21.935643707942525,8.727272727272727,1.6528925619834718
3,16,116,3.4482758620689653,0.8620689655172413,1.7241379310344827,1.7241379310344827,95.68965517241381,19.769384161568563,8.663793103448276,2.586206896551724
3,23,117,10.256410256410255,6.837606837606838,1.7094017094017095,8.547008547008547,82.90598290598291,23.317459823071662,8.205128205128204,3.4188034188034173
7,16,164,5.487804878048781,0.6097560975609756,3.6585365853658534,1.8292682926829267,93.90243902439023,21.976275276899916,8.060975609756097,4.878048780487806
7,23,136,8.088235294117647,4.411764705882353,1.4705882352941175,6.61764705882353,87.5,23.566682368962436,8.330882352941176,3.6764705882352935
16,23,14,0.0,0.0,0.0,0.0,100.0,48.036401709401694,6.785714285714286,0.0
5,16,50,8.0,0.0,6.0,2.0,92.0,38.34102349772708,11.08,8.0
13,16,23,8.695652173913043,0.0,8.695652173913043,0.0,91.30434782608697,42.122774830242214,10.130434782608695,8.695652173913043
4,19,36,11.11111111111111,2.7777777777777777,0.0,11.11111111111111,86.1111111111111,28.495884952465833,7.777777777777778,8.333333333333332
7,15,157,6.369426751592357,1.910828025477707,0.6369426751592357,5.7324840764331215,91.71974522292994,9.301776065102988,9.445859872611464,4.45859872611465
10,13,25,16.0,0.0,8.0,8.0,84.0,47.092814025974015,11.32,16.0
10,15,71,5.633802816901409,0.0,1.4084507042253522,4.225352112676056,94.36619718309859,11.646772350606907,8.309859154929578,5.633802816901409
13,15,24,12.5,0.0,4.166666666666666,8.333333333333332,87.5,24.56523088023088,12.458333333333334,12.5
14,15,39,12.82051282051282,0.0,2.564102564102564,10.256410256410255,87.17948717948718,20.3125141098218,10.025641025641026,12.82051282051282
15,19,12,8.333333333333332,0.0,8.333333333333332,0.0,91.66666666666666,44.925013888888884,6.833333333333333,8.333333333333332
7,12,120,5.0,5.0,1.6666666666666667,3.3333333333333335,89.99999999999999,14.579376987158502,9.116666666666667,0.0
1,6,591,5.922165820642978,4.568527918781726,0.8460236886632826,5.0761421319796955,89.5093062605753,7.451071957958118,9.089678510998308,1.3536379018612523
1,10,172,2.9069767441860463,2.9069767441860463,0.0,2.9069767441860463,94.1860465116279,10.500442683531745,8.470930232558139,0.0
1,13,119,9.243697478991598,3.361344537815126,2.5210084033613445,6.722689075630252,87.39495798319328,26.067547004230953,9.478991596638656,5.882352941176471
3,10,128,3.90625,4.6875,0.0,3.90625,91.40625,14.388240457294026,7.7265625,-0.78125
3,14,308,8.441558441558442,4.545454545454546,1.6233766233766231,6.8181818181818175,87.01298701298703,20.737868542915415,6.675324675324675,3.896103896103896
6,10,83,2.4096385542168677,0.0,0.0,2.4096385542168677,97.59036144578313,13.318329397874853,9.55421686746988,2.4096385542168677
6,14,138,5.072463768115942,5.072463768115942,1.4492753623188406,3.6231884057971016,89.85507246376811,18.923212668663034,8.876811594202898,0.0
6,23,66,3.0303030303030303,4.545454545454546,0.0,3.0303030303030303,92.42424242424244,14.35707943423184,10.969696969696969,-1.5151515151515156
10,23,13,7.6923076923076925,7.6923076923076925,0.0,7.6923076923076925,84.61538461538463,41.281667277167266,7.923076923076923,0.0
13,23,16,18.75,12.5,6.25,12.5,68.75,55.412406250000004,8.875,6.25
14,23,40,17.5,0.0,2.5,15.0,82.5,39.52740681818182,7.7,17.5
3,9,112,7.142857142857142,8.035714285714286,2.6785714285714284,4.464285714285714,84.82142857142857,19.051061523955845,9.839285714285714,-0.8928571428571441
7,9,154,7.792207792207792,5.194805194805195,2.5974025974025974,5.194805194805195,87.01298701298701,20.579980778019312,9.493506493506494,2.5974025974025974
9,14,48,12.5,6.25,4.166666666666666,8.333333333333332,81.25,36.59875719072594,7.770833333333333,6.25
1,4,586,4.948805460750854,6.655290102389079,0.3412969283276451,4.607508532423208,88.39590443686008,7.145114222226371,8.356655290102388,-1.7064846416382258
3,4,427,5.85480093676815,6.0889929742388755,0.702576112412178,5.152224824355972,88.05620608899298,8.743866753648799,7.852459016393443,-0.23419203747072537
4,7,554,6.859205776173286,4.1516245487364625,0.5415162454873645,6.31768953068592,88.98916967509025,11.708500713526545,8.131768953068592,2.7075812274368234
4,13,140,7.142857142857142,7.142857142857142,0.7142857142857143,6.428571428571428,85.71428571428572,14.928639336463835,8.842857142857143,0.0
4,14,254,6.299212598425196,4.330708661417323,0.39370078740157477,5.905511811023622,89.37007874015748,15.07919357020845,6.7952755905511815,1.9685039370078732
3,19,28,3.571428571428571,7.142857142857142,0.0,3.571428571428571,89.28571428571429,34.33059130849309,6.928571428571429,-3.571428571428571
3,21,118,7.627118644067797,5.084745762711865,1.694915254237288,5.932203389830509,87.28813559322035,16.059692077474025,8.576271186440678,2.5423728813559316
7,21,130,11.538461538461538,5.384615384615385,3.076923076923077,8.461538461538462,83.07692307692307,17.792163915250782,9.0,6.153846153846153
14,21,51,13.725490196078432,3.9215686274509802,3.9215686274509802,9.803921568627452,82.3529411764706,25.391695758489877,8.529411764705882,9.803921568627452
1,9,130,5.384615384615385,4.615384615384616,0.7692307692307693,4.615384615384616,89.99999999999999,14.464764735779873,10.061538461538461,0.7692307692307692
1,21,116,12.068965517241379,6.0344827586206895,3.4482758620689653,8.620689655172415,81.89655172413794,13.939348579354718,9.181034482758621,6.0344827586206895
4,9,56,3.571428571428571,7.142857142857142,3.571428571428571,0.0,89.28571428571429,13.291130608532882,10.589285714285714,-3.571428571428571
4,21,66,13.636363636363635,3.0303030303030303,3.0303030303030303,10.606060606060606,83.33333333333334,13.459473701234396,8.93939393939394,10.606060606060606
4,23,56,10.714285714285714,1.7857142857142856,3.571428571428571,7.142857142857142,87.5,16.321446733821734,9.285714285714286,8.928571428571427
9,13,14,21.428571428571427,0.0,14.285714285714285,7.142857142857142,78.57142857142857,51.60921225203368,15.571428571428571,21.428571428571427
9,21,24,12.5,8.333333333333332,8.333333333333332,4.166666666666666,79.16666666666666,23.209788926049796,10.25,4.166666666666668
9,23,20,10.0,5.0,10.0,0.0,85.0,23.232737074690018,12.6,5.0
13,21,17,5.88235294117647,11.76470588235294,5.88235294117647,0.0,82.35294117647058,43.907741445441815,9.705882352941176,-5.88235294117647
21,23,15,13.333333333333334,0.0,13.333333333333334,0.0,86.66666666666667,32.94934708994709,8.733333333333333,13.333333333333334
1,5,377,7.6923076923076925,6.631299734748011,1.0610079575596816,6.631299734748011,85.67639257294431,9.469524272749512,9.116710875331565,1.0610079575596814
1,11,233,6.008583690987124,5.579399141630901,0.8583690987124464,5.150214592274678,88.41201716738198,6.439130913130913,8.40343347639485,0.42918454935622297
3,5,256,7.03125,2.734375,0.78125,6.25,90.234375,8.272285414055732,9.55078125,4.296875
0,13,38,7.894736842105263,5.263157894736842,2.631578947368421,5.263157894736842,86.8421052631579,24.723338652575503,11.736842105263158,2.6315789473684212
0,17,9,11.11111111111111,0.0,0.0,11.11111111111111,88.88888888888889,26.069696649029986,11.777777777777779,11.11111111111111
0,21,54,7.4074074074074066,5.555555555555555,1.8518518518518516,5.555555555555555,87.03703703703704,11.047021601854935,11.944444444444445,1.8518518518518512
0,26,9,11.11111111111111,0.0,11.11111111111111,0.0,88.88888888888889,30.078857142857146,9.333333333333334,11.11111111111111
13,17,13,0.0,0.0,0.0,0.0,100.0,29.971547619047623,9.307692307692308,0.0
13,26,12,0.0,0.0,0.0,0.0,100.0,23.975783882783876,9.166666666666666,0.0
0,8,119,3.361344537815126,4.201680672268908,1.680672268907563,1.680672268907563,92.43697478991596,6.219095416325038,11.546218487394958,-0.8403361344537816
1,8,205,4.878048780487805,3.414634146341464,0.975609756097561,3.902439024390244,91.70731707317073,9.952631003013856,9.331707317073171,1.463414634146341
7,8,245,8.16326530612245,3.2653061224489797,2.0408163265306123,6.122448979591836,88.57142857142857,12.105024311122763,9.653061224489797,4.8979591836734695
0,9,101,5.9405940594059405,7.920792079207921,1.9801980198019802,3.9603960396039604,86.13861386138613,7.035974863044836,12.128712871287128,-1.9801980198019802
3,8,167,5.389221556886228,1.7964071856287425,0.5988023952095809,4.790419161676647,92.81437125748504,10.829532972247145,9.802395209580839,3.5928143712574854
8,9,33,6.0606060606060606,3.0303030303030303,3.0303030303030303,3.0303030303030303,90.90909090909092,9.076688732683087,12.666666666666666,3.0303030303030303
8,13,21,14.285714285714285,9.523809523809524,9.523809523809524,4.761904761904762,76.1904761904762,35.57772687728938,11.476190476190476,4.761904761904761
8,16,44,6.8181818181818175,2.272727272727273,4.545454545454546,2.272727272727273,90.90909090909092,18.82247319719576,8.977272727272727,4.545454545454545
9,16,24,12.5,4.166666666666666,8.333333333333332,4.166666666666666,83.33333333333334,18.196122770345596,9.458333333333334,8.333333333333334
3,17,33,12.121212121212121,6.0606060606060606,0.0,12.121212121212121,81.81818181818181,19.58053270803271,7.393939393939394,6.0606060606060606
7,17,55,7.2727272727272725,1.8181818181818181,0.0,7.2727272727272725,90.9090909090909,13.016999265138157,9.145454545454545,5.454545454545454
0,10,35,2.857142857142857,0.0,0.0,2.857142857142857,97.14285714285714,10.646879201680674,12.114285714285714,2.857142857142857
0,14,67,5.970149253731343,1.4925373134328357,1.4925373134328357,4.477611940298507,92.53731343283582,17.437443594133892,10.64179104477612,4.477611940298507
9,10,21,9.523809523809524,4.761904761904762,0.0,9.523809523809524,85.71428571428572,22.359395382395377,11.047619047619047,4.761904761904762
1,26,29,3.4482758620689653,6.896551724137931,0.0,3.4482758620689653,89.65517241379311,15.264092775041052,7.517241379310345,-3.4482758620689653
3,26,27,14.814814814814813,0.0,11.11111111111111,3.7037037037037033,85.18518518518519,31.522454282896586,7.37037037037037,14.814814814814813
5,26,15,6.666666666666667,20.0,6.666666666666667,0.0,73.33333333333334,27.613321559392993,7.8,-13.333333333333332
7,26,34,17.647058823529413,0.0,8.823529411764707,8.823529411764707,82.35294117647058,27.767953926282054,7.264705882352941,17.647058823529413
4,18,182,6.043956043956044,7.142857142857142,0.0,6.043956043956044,86.81318681318682,5.080061927903156,8.247252747252746,-1.0989010989010985
7,18,97,6.185567010309279,5.154639175257731,1.0309278350515463,5.154639175257731,88.65979381443299,10.736492460116636,9.268041237113403,1.0309278350515472
13,18,44,11.363636363636363,11.363636363636363,4.545454545454546,6.8181818181818175,77.27272727272727,8.389337150575523,10.090909090909092,0.0
14,18,72,5.555555555555555,2.7777777777777777,1.3888888888888888,4.166666666666666,91.66666666666666,13.050508011664261,8.01388888888889,2.7777777777777777
4,6,320,2.8125,4.6875,0.0,2.8125,92.5,6.3719411162941295,9.228125,-1.875
6,19,16,12.5,6.25,6.25,6.25,81.25,26.366423809523813,8.25,6.25
1,15,168,6.547619047619048,3.571428571428571,0.5952380952380952,5.952380952380952,89.88095238095238,5.802076487910892,9.476190476190476,2.976190476190477
3,15,109,9.174311926605505,1.834862385321101,0.0,9.174311926605505,88.9908256880734,5.963896888333513,9.688073394495413,7.339449541284404
4,15,143,9.090909090909092,4.195804195804196,0.0,9.090909090909092,86.7132867132867,5.070481387858173,8.65034965034965,4.895104895104896
6,15,101,3.9603960396039604,1.9801980198019802,0.0,3.9603960396039604,94.05940594059405,7.484879952530462,10.405940594059405,1.9801980198019802
4,5,416,6.730769230769231,4.807692307692308,0.0,6.730769230769231,88.46153846153845,7.038302843767417,7.7548076923076925,1.9230769230769225
2,6,215,0.9302325581395349,4.186046511627907,0.0,0.9302325581395349,94.88372093023256,4.693426305044162,8.753488372093024,-3.2558139534883725
2,14,112,0.8928571428571428,4.464285714285714,0.0,0.8928571428571428,94.64285714285715,7.938367113773078,8.223214285714286,-3.5714285714285716
1,2,330,1.5151515151515151,7.878787878787878,0.0,1.5151515151515151,90.60606060606061,4.687582588134379,8.32121212121212,-6.363636363636363
2,5,194,3.0927835051546393,8.24742268041237,0.0,3.0927835051546393,88.65979381443299,5.109473696111535,8.097938144329897,-5.154639175257731
2,7,317,3.1545741324921135,4.73186119873817,0.31545741324921134,2.8391167192429023,92.11356466876971,7.097531559780036,8.438485804416404,-1.5772870662460567
2,8,65,3.076923076923077,6.153846153846154,0.0,3.076923076923077,90.76923076923077,7.512053546713703,9.707692307692307,-3.076923076923077
5,8,89,5.617977528089887,10.112359550561797,1.1235955056179776,4.49438202247191,84.26966292134831,6.068642125293009,11.258426966292134,-4.4943820224719095
1,24,140,7.142857142857142,7.142857142857142,0.7142857142857143,6.428571428571428,85.71428571428572,8.17594839330953,8.207142857142857,0.0
3,24,154,6.493506493506493,8.441558441558442,0.0,6.493506493506493,85.06493506493507,7.712120225768184,6.909090909090909,-1.9480519480519494
6,8,173,4.046242774566474,3.4682080924855487,0.5780346820809248,3.4682080924855487,92.48554913294798,8.142030186004002,10.855491329479769,0.5780346820809257
6,24,99,5.05050505050505,8.080808080808081,0.0,5.05050505050505,86.86868686868688,6.443423312934343,9.545454545454545,-3.030303030303031
7,24,146,5.47945205479452,5.47945205479452,0.0,5.47945205479452,89.04109589041096,9.582075614676718,7.616438356164384,0.0
8,14,30,6.666666666666667,3.3333333333333335,0.0,6.666666666666667,90.0,19.770103001628,9.733333333333333,3.3333333333333335
8,23,28,7.142857142857142,0.0,3.571428571428571,3.571428571428571,92.85714285714286,20.400921614100184,11.464285714285714,7.142857142857142
8,24,37,0.0,0.0,0.0,0.0,100.0,9.425706750040085,10.81081081081081,0.0
14,24,56,3.571428571428571,10.714285714285714,0.0,3.571428571428571,85.71428571428572,13.679969998108888,6.928571428571429,-7.142857142857142
23,24,19,10.526315789473683,5.263157894736842,0.0,10.526315789473683,84.21052631578947,15.340362229102164,10.736842105263158,5.263157894736842
5,23,38,0.0,5.263157894736842,0.0,0.0,94.73684210526316,9.364620498266783,11.105263157894736,-5.263157894736842
5,6,270,7.037037037037037,5.185185185185185,0.7407407407407408,6.296296296296296,87.77777777777777,5.030071361684094,10.048148148148147,1.851851851851852
5,9,42,7.142857142857142,2.380952380952381,0.0,7.142857142857142,90.47619047619048,7.845557647888215,14.619047619047619,4.761904761904761
5,10,44,9.090909090909092,6.8181818181818175,2.272727272727273,6.8181818181818175,84.09090909090908,12.379001476559615,7.5,2.2727272727272743
5,15,101,8.91089108910891,2.9702970297029703,1.9801980198019802,6.9306930693069315,88.11881188118812,7.003007856148482,8.970297029702971,5.94059405940594
6,9,81,4.938271604938271,8.641975308641975,0.0,4.938271604938271,86.41975308641976,7.673522363795584,12.91358024691358,-3.7037037037037033
9,15,16,12.5,0.0,0.0,12.5,87.5,13.999071829212454,14.375,12.5
1,12,127,5.511811023622047,7.874015748031496,0.7874015748031495,4.724409448818897,86.61417322834646,5.569812047981497,9.31496062992126,-2.362204724409449
0,2,71,2.8169014084507045,1.4084507042253522,0.0,2.8169014084507045,95.77464788732395,3.9240771185164047,10.577464788732394,1.4084507042253522
0,4,119,3.361344537815126,0.8403361344537815,0.8403361344537815,2.5210084033613445,95.7983193277311,5.8155520034323915,11.453781512605042,2.5210084033613445
0,5,159,5.031446540880504,5.031446540880504,0.0,5.031446540880504,89.937106918239,4.4866387369344665,11.11320754716981,0.0
0,6,331,3.625377643504532,4.229607250755287,0.3021148036253776,3.3232628398791544,92.14501510574019,5.283040362427195,10.607250755287009,-0.6042296072507551
2,3,261,1.532567049808429,3.8314176245210727,0.0,1.532567049808429,94.6360153256705,5.168089321272699,8.11111111111111,-2.2988505747126435
2,4,314,3.5031847133757963,5.095541401273886,0.0,3.5031847133757963,91.40127388535032,4.424648277087199,8.315286624203821,-1.5923566878980897
2,9,26,3.8461538461538463,7.6923076923076925,0.0,3.8461538461538463,88.46153846153845,8.9480251244482,11.0,-3.8461538461538463
2,16,53,1.8867924528301887,0.0,0.0,1.8867924528301887,98.11320754716981,8.107102935472145,9.943396226415095,1.8867924528301887
2,21,38,5.263157894736842,7.894736842105263,0.0,5.263157894736842,86.8421052631579,7.987520897756193,9.947368421052632,-2.6315789473684212
4,16,75,2.666666666666667,1.3333333333333335,0.0,2.666666666666667,96.00000000000001,9.119330402324184,9.386666666666667,1.3333333333333335
5,21,50,12.0,2.0,2.0,10.0,86.0,9.07600255733329,11.48,10.0
6,16,88,3.4090909090909087,2.272727272727273,1.1363636363636365,2.272727272727273,94.31818181818183,10.069731156574907,9.613636363636363,1.1363636363636358
6,21,68,8.823529411764707,5.88235294117647,2.941176470588235,5.88235294117647,85.29411764705883,9.553007057484999,11.235294117647058,2.9411764705882364
14,16,46,4.3478260869565215,2.1739130434782608,4.3478260869565215,0.0,93.47826086956522,17.06700639758792,8.369565217391305,2.1739130434782608
16,21,23,8.695652173913043,0.0,8.695652173913043,0.0,91.30434782608697,19.246544858523123,10.956521739130435,8.695652173913043
1,18,124,4.838709677419355,6.451612903225806,0.8064516129032258,4.032258064516129,88.70967741935485,6.476553679495655,8.838709677419354,-1.612903225806451
3,18,81,4.938271604938271,8.641975308641975,1.2345679012345678,3.7037037037037033,86.41975308641976,6.399347768968022,8.753086419753087,-3.7037037037037033
5,18,84,4.761904761904762,3.571428571428571,0.0,4.761904761904762,91.66666666666666,4.409718879697539,8.654761904761905,1.1904761904761907
5,24,54,1.8518518518518516,1.8518518518518516,0.0,1.8518518518518516,96.2962962962963,7.751416943350766,10.407407407407407,0.0
10,18,18,11.11111111111111,11.11111111111111,0.0,11.11111111111111,77.77777777777777,8.053891534391534,10.333333333333334,0.0
10,24,19,5.263157894736842,5.263157894736842,0.0,5.263157894736842,89.47368421052633,15.239338763575605,8.31578947368421,0.0
18,23,11,0.0,18.181818181818183,0.0,0.0,81.81818181818181,12.925445665445665,8.909090909090908,-18.181818181818183
18,24,18,5.555555555555555,5.555555555555555,0.0,5.555555555555555,88.88888888888889,7.587581569664902,8.666666666666666,0.0
0,11,42,4.761904761904762,2.380952380952381,0.0,4.761904761904762,92.85714285714285,6.457669478438229,13.238095238095237,2.380952380952381
0,18,9,0.0,0.0,0.0,0.0,100.0,13.837619047619047,13.11111111111111,0.0
0,19,6,0.0,0.0,0.0,0.0,100.0,25.27696428571429,8.666666666666666,0.0
11,18,27,3.7037037037037033,3.7037037037037033,0.0,3.7037037037037033,92.59259259259261,5.004342445620224,12.592592592592593,0.0
11,19,19,5.263157894736842,0.0,0.0,5.263157894736842,94.73684210526316,18.787607843137256,5.526315789473684,5.263157894736842
18,19,5,0.0,0.0,0.0,0.0,100.0,30.57992857142857,9.0,0.0
0,12,73,2.73972602739726,4.10958904109589,0.0,2.73972602739726,93.15068493150685,4.889946533790284,11.10958904109589,-1.3698630136986298
3,12,102,1.9607843137254901,8.823529411764707,0.0,1.9607843137254901,89.21568627450979,6.297190281718991,8.931372549019608,-6.862745098039216
12,14,27,3.7037037037037033,14.814814814814813,0.0,3.7037037037037033,81.4814814814815,9.664435278713055,9.074074074074074,-11.11111111111111
12,18,13,7.6923076923076925,0.0,0.0,7.6923076923076925,92.3076923076923,13.16360522810523,13.923076923076923,7.6923076923076925
9,19,9,0.0,0.0,0.0,0.0,100.0,36.18145117845118,6.888888888888889,0.0
8,11,53,9.433962264150944,3.7735849056603774,1.8867924528301887,7.547169811320755,86.79245283018868,7.770446560384059,8.90566037735849,5.660377358490567
8,21,31,3.225806451612903,3.225806451612903,0.0,3.225806451612903,93.5483870967742,6.429832284382284,11.193548387096774,0.0
11,21,26,11.538461538461538,0.0,7.6923076923076925,3.8461538461538463,88.46153846153845,17.296909587207665,9.26923076923077,11.538461538461538
6,26,10,10.0,0.0,0.0,10.0,90.0,12.69504761904762,10.9,10.0
8,26,12,8.333333333333332,0.0,0.0,8.333333333333332,91.66666666666666,12.185458485958485,10.5,8.333333333333332
14,26,19,5.263157894736842,0.0,0.0,5.263157894736842,94.73684210526316,12.92458395989975,7.684210526315789,5.263157894736842
16,19,18,22.22222222222222,0.0,22.22222222222222,0.0,77.77777777777779,22.989799783549785,6.722222222222222,22.22222222222222
6,17,25,4.0,4.0,0.0,4.0,92.0,8.51079746031746,10.52,0.0
16,17,9,0.0,0.0,0.0,0.0,100.0,17.585357142857145,11.222222222222221,0.0
19,21,7,28.57142857142857,0.0,14.285714285714285,14.285714285714285,71.42857142857143,22.184683673469387,6.714285714285714,28.57142857142857
1,17,60,8.333333333333332,3.3333333333333335,0.0,8.333333333333332,88.33333333333333,7.917917624521073,9.016666666666667,4.999999999999998
4,17,70,10.0,0.0,0.0,10.0,90.0,6.469984004884004,7.9714285714285715,10.0
14,17,14,14.285714285714285,7.142857142857142,0.0,14.285714285714285,78.57142857142858,17.12275,6.857142857142857,7.142857142857142
17,23,9,22.22222222222222,11.11111111111111,0.0,22.22222222222222,66.66666666666667,19.348703703703706,8.11111111111111,11.11111111111111
4,11,147,6.122448979591836,6.802721088435375,0.0,6.122448979591836,87.0748299319728,4.961262088921179,9.07482993197279,-0.6802721088435382
11,16,36,2.7777777777777777,2.7777777777777777,2.7777777777777777,0.0,94.44444444444444,10.05131891204034,9.5,0.0
2,12,43,4.651162790697675,16.27906976744186,0.0,4.651162790697675,79.06976744186048,7.602011943618734,8.418604651162791,-11.627906976744185
2,13,61,3.278688524590164,4.918032786885246,0.0,3.278688524590164,91.80327868852459,10.057885444947209,9.049180327868852,-1.639344262295082
12,13,15,6.666666666666667,0.0,0.0,6.666666666666667,93.33333333333333,19.151400432900427,13.4,6.666666666666667
10,21,26,15.384615384615385,0.0,0.0,15.384615384615385,84.61538461538461,11.310682844932844,7.153846153846154,15.384615384615385
4,26,40,7.5,7.5,7.5,0.0,85.00000000000001,7.010986615948155,7.025,0.0
8,19,13,15.384615384615385,0.0,15.384615384615385,0.0,84.61538461538461,26.419686507936504,5.6923076923076925,15.384615384615385
19,23,8,12.5,12.5,12.5,0.0,75.0,45.385221861471855,7.75,0.0
5,12,55,5.454545454545454,9.090909090909092,0.0,5.454545454545454,85.45454545454545,4.739832466144966,9.8,-3.6363636363636376
5,17,47,8.51063829787234,4.25531914893617,0.0,8.51063829787234,87.2340425531915,6.996435990338162,8.02127659574468,4.25531914893617
12,17,8,12.5,12.5,0.0,12.5,75.0,14.199416666666666,7.875,0.0
8,10,29,3.4482758620689653,3.4482758620689653,3.4482758620689653,0.0,93.10344827586208,6.445960884353743,8.03448275862069,0.0
11,12,22,4.545454545454546,4.545454545454546,0.0,4.545454545454546,90.90909090909092,4.347882034632034,12.909090909090908,0.0
11,26,6,0.0,0.0,0.0,0.0,100.0,7.062555555555555,6.166666666666667,0.0
9,11,23,0.0,4.3478260869565215,0.0,0.0,95.65217391304348,11.837435923979399,11.130434782608695,-4.3478260869565215
11,23,19,5.263157894736842,10.526315789473683,0.0,5.263157894736842,84.21052631578948,10.023017752715122,9.789473684210526,-5.263157894736842
4,8,97,5.154639175257731,7.216494845360824,0.0,5.154639175257731,87.62886597938144,5.337245847865584,10.061855670103093,-2.0618556701030926
2,26,16,6.25,6.25,0.0,6.25,87.5,7.83121875,8.0,0.0
9,26,5,40.0,0.0,20.0,20.0,60.0,31.056938461538465,9.2,40.0
0,24,59,3.389830508474576,5.084745762711865,0.0,3.389830508474576,91.52542372881356,4.280554346467659,10.491525423728813,-1.694915254237289
4,24,77,7.792207792207792,10.38961038961039,0.0,7.792207792207792,81.81818181818181,6.737235422355423,7.8311688311688314,-2.5974025974025974
21,24,23,8.695652173913043,13.043478260869565,4.3478260869565215,4.3478260869565215,78.26086956521739,18.332052603193905,8.347826086956522,-4.3478260869565215
4,10,90,4.444444444444445,4.444444444444445,0.0,4.444444444444445,91.11111111111111,5.45354755755608,8.8,0.0
11,24,33,12.121212121212121,12.121212121212121,3.0303030303030303,9.090909090909092,75.75757575757575,9.69794303171576,9.757575757575758,0.0
10,11,51,0.0,7.8431372549019605,0.0,0.0,92.15686274509804,4.79185248447205,8.235294117647058,-7.8431372549019605
4,12,73,6.8493150684931505,8.21917808219178,0.0,6.8493150684931505,84.93150684931507,4.932248170480313,9.232876712328768,-1.3698630136986294
6,12,100,3.0,11.0,0.0,3.0,86.0,3.7215356767075516,10.01,-8.0
6,18,50,4.0,4.0,0.0,4.0,92.0,4.321863925190455,11.34,0.0
12,21,13,0.0,30.76923076923077,0.0,0.0,69.23076923076923,4.919422660672661,9.23076923076923,-30.76923076923077
18,21,15,13.333333333333334,0.0,0.0,13.333333333333334,86.66666666666667,6.7366286676286675,8.266666666666667,13.333333333333334
2,17,15,0.0,6.666666666666667,0.0,0.0,93.33333333333333,6.24706349206349,8.933333333333334,-6.666666666666667
2,23,34,5.88235294117647,11.76470588235294,0.0,5.88235294117647,82.35294117647058,6.96402793938088,8.294117647058824,-5.88235294117647
15,16,25,12.0,0.0,4.0,8.0,88.0,6.165526887464387,8.72,12.0
12,16,12,8.333333333333332,0.0,0.0,8.333333333333332,91.66666666666666,11.730767857142858,9.0,8.333333333333332
2,15,73,6.8493150684931505,1.36986301369863,0.0,6.8493150684931505,91.78082191780821,2.92291393864763,9.205479452054794,5.47945205479452
2,18,72,4.166666666666666,6.944444444444445,0.0,4.166666666666666,88.8888888888889,3.7530745265625125,8.11111111111111,-2.7777777777777786
12,15,24,4.166666666666666,0.0,0.0,4.166666666666666,95.83333333333334,3.2601597282072117,12.958333333333334,4.166666666666666
15,18,27,7.4074074074074066,0.0,0.0,7.4074074074074066,92.5925925925926,3.6366902356902355,11.037037037037036,7.4074074074074066
16,24,23,8.695652173913043,4.3478260869565215,4.3478260869565215,4.3478260869565215,86.95652173913044,12.767723802767284,10.782608695652174,4.3478260869565215
2,10,49,4.081632653061225,2.0408163265306123,0.0,4.081632653061225,93.87755102040816,3.7409800724637687,7.571428571428571,2.0408163265306123
10,16,29,3.4482758620689653,3.4482758620689653,0.0,3.4482758620689653,93.10344827586208,11.502933771209634,8.0,0.0
2,11,99,2.0202020202020203,4.040404040404041,0.0,2.0202020202020203,93.93939393939394,3.4902124133176766,7.91919191919192,-2.0202020202020203
9,24,19,5.263157894736842,10.526315789473683,0.0,5.263157894736842,84.21052631578948,9.67342334342644,9.210526315789474,-5.263157894736842
19,24,6,0.0,0.0,0.0,0.0,100.0,9.801833333333333,5.666666666666667,0.0
16,18,19,0.0,0.0,0.0,0.0,100.0,4.676405166624696,10.631578947368421,0.0
0,15,45,4.444444444444445,0.0,0.0,4.444444444444445,95.55555555555556,4.622734684065934,12.222222222222221,4.444444444444445
8,12,24,4.166666666666666,4.166666666666666,0.0,4.166666666666666,91.66666666666667,7.511196428571428,10.666666666666666,0.0
2,24,29,3.4482758620689653,3.4482758620689653,0.0,3.4482758620689653,93.10344827586208,5.0673336306550585,7.655172413793103,0.0
13,24,21,9.523809523809524,0.0,0.0,9.523809523809524,90.47619047619048,8.614424797424798,10.761904761904763,9.523809523809524
12,24,17,0.0,17.647058823529413,0.0,0.0,82.35294117647058,4.316920231729055,11.058823529411764,-17.647058823529413
9,12,16,0.0,18.75,0.0,0.0,81.25,1.8261415343915346,14.875,-18.75
12,23,23,0.0,4.3478260869565215,0.0,0.0,95.65217391304348,3.2358611111111113,10.956521739130435,-4.3478260869565215
15,21,17,17.647058823529413,0.0,0.0,17.647058823529413,82.35294117647058,6.221490573152337,11.647058823529411,17.647058823529413
8,18,12,0.0,0.0,0.0,0.0,100.0,3.771247023809524,10.083333333333334,0.0
10,12,14,0.0,0.0,0.0,0.0,100.0,4.066406746031746,14.071428571428571,0.0
10,17,8,0.0,0.0,0.0,0.0,100.0,6.134149659863945,13.125,0.0
8,15,31,3.225806451612903,0.0,0.0,3.225806451612903,96.7741935483871,2.4585231074481078,11.064516129032258,3.225806451612903
8,17,11,0.0,0.0,0.0,0.0,100.0,4.08639393939394,8.727272727272727,0.0
11,17,11,0.0,18.181818181818183,0.0,0.0,81.81818181818181,6.68221212121212,8.909090909090908,-18.181818181818183
17,24,7,14.285714285714285,14.285714285714285,0.0,14.285714285714285,71.42857142857144,9.438404761904762,7.0,0.0
16,26,10,0.0,0.0,0.0,0.0,100.0,4.58024358974359,8.7,0.0
11,15,47,6.382978723404255,0.0,0.0,6.382978723404255,93.61702127659575,2.564183428300095,11.0,6.382978723404255
15,23,12,8.333333333333332,0.0,0.0,8.333333333333332,91.66666666666666,3.697293981481481,10.583333333333334,8.333333333333332
15,24,20,5.0,0.0,0.0,5.0,95.0,4.108611431623933,10.85,5.0
18,26,9,0.0,11.11111111111111,0.0,0.0,88.88888888888889,4.463777777777778,8.0,-11.11111111111111
15,17,13,7.6923076923076925,0.0,0.0,7.6923076923076925,92.3076923076923,2.5274743589743585,10.384615384615385,7.6923076923076925
2,19,17,0.0,5.88235294117647,0.0,0.0,94.11764705882352,3.7013820105820106,5.588235294117647,-5.88235294117647
15,26,10,0.0,0.0,0.0,0.0,100.0,1.6743,8.2,0.0
10,26,11,0.0,27.27272727272727,0.0,0.0,72.72727272727273,0.7808030303030301,4.909090909090909,-27.27272727272727
17,18,8,0.0,0.0,0.0,0.0,100.0,1.655469387755102,7.5,0.0
