comm_i,comm_j,n_companies,exit_rate,failure_rate,risk_adjusted,avg_capital,geo_comp,type_comp,green_comp,stage_comp,size_comp,same_geo
1,7,870.0,6.321839080459771,4.827586206896552,1.4942528735632195,16.945642877825524,0.24533443429665394,0.02098054023833688,0.028667404664656216,0.1093393156957237,37.37670585096018,1
1,14,279.0,11.11111111111111,5.376344086021505,5.734767025089606,26.30577725831323,0.3021264174973325,0.08708813226747329,0.13500224629361554,0.1225521649716121,54.17821885525011,0
1,19,69.0,7.246376811594203,1.4492753623188406,5.797101449275362,58.23915258075259,0.6188429706782926,0.28555733475049033,0.05274885610716837,0.13492467919293516,160.4479731255794,0
7,14,366.0,8.743169398907105,4.098360655737705,4.6448087431694,32.75836296552017,0.30850382604520166,0.06616804211313468,0.10633484162895933,0.06277613720194922,16.801513004289923,0
7,19,69.0,20.28985507246377,2.898550724637681,17.39130434782609,134.18566369338546,0.755888967494378,0.3054024884785218,0.08141626077182458,0.0665995708391785,123.07126727461923,0
14,19,36.0,19.444444444444446,2.7777777777777777,16.666666666666668,112.68866257816258,0.758285649323426,0.36736266001269924,0.1877511024007839,0.07634435814765378,106.2697542703293,0
5,7,355.0,7.323943661971831,4.507042253521127,2.816901408450704,18.554447691485947,0.5974671997778004,0.213740807877486,0.13821829309758576,0.19042542206705568,35.78351852057719,0
5,13,86.0,5.813953488372093,5.813953488372093,0.0,42.96901041920401,0.18758089238044656,0.047870953340446616,0.10147621164962203,0.16793907540370456,200.95536195098032,1
5,19,33.0,18.181818181818183,0.0,18.181818181818183,127.15915731292519,0.752436318786552,0.09690958942133322,0.05680203232576119,0.2029698209898734,158.85478579519642,0
7,13,149.0,11.409395973154362,2.013422818791946,9.395973154362416,55.13429997944351,0.4546723810064532,0.16700628158450706,0.03674208144796374,0.12105310937101725,165.17184343040313,0
13,19,15.0,33.33333333333333,0.0,33.33333333333333,211.6687179487179,0.7586862233949112,0.1440108777108218,0.04467417932386084,0.1278688132173766,42.1005761557839,0
5,11,77.0,9.090909090909092,3.896103896103896,5.194805194805196,13.956540413533839,0.6461808711522457,0.1054556665724566,0.1337809282096577,0.04833653276876628,12.364390802623497,0
5,14,127.0,9.448818897637794,3.937007874015748,5.511811023622046,20.349551597819744,0.34724974513184975,0.27783439815086813,0.2445531347265451,0.21450181297304544,52.58503152486711,1
11,13,35.0,8.571428571428571,5.714285714285714,2.8571428571428568,57.735578548085904,0.5815916010172726,0.057813382620069256,0.03230471656003566,0.14605276808166415,188.5909711483568,0
11,14,62.0,6.451612903225806,3.225806451612903,3.225806451612903,18.394289401906335,0.5837961341005213,0.17534010651263404,0.1107722065168874,0.1680284858055351,40.220640722243616,0
13,14,83.0,6.024096385542169,2.4096385542168677,3.6144578313253013,42.8144246697078,0.1924474124840658,0.23185508607052654,0.14307692307692307,0.1691938672288258,148.37033042611318,1
7,10,154.0,7.792207792207792,2.5974025974025974,5.194805194805195,20.44432381471107,0.5983391174106527,0.11387929893433664,0.02145403615991846,0.1048364661344967,51.06508374083603,0
10,14,69.0,10.144927536231885,2.898550724637681,7.246376811594203,32.329576855511625,0.613202001328477,0.17936464638800137,0.1277888777888778,0.11961425991948334,67.86659674512595,0
10,19,17.0,17.647058823529413,0.0,17.647058823529413,110.57936243386244,0.23474538293134423,0.19632178981999493,0.059962224611906124,0.11183395252349879,174.13635101545526,1
3,6,548.0,3.64963503649635,4.744525547445255,-1.0948905109489049,9.115947813092063,0.07249228112157859,0.12639464713749626,0.02249613550774214,0.20724161033852878,9.555754716289774,1
3,7,881.0,6.015891032917139,4.426787741203178,1.5891032917139611,15.742312291047615,0.06701089706378181,0.03293104771474777,0.014445362751087033,0.198464340522196,42.77749998391046,1
3,11,153.0,4.57516339869281,5.228758169934641,-0.6535947712418304,12.700670916985061,0.5991674788802573,0.14248343317508227,0.018882727639015117,0.10678209850487311,19.358372265956767,0
3,13,99.0,10.1010101010101,2.0202020202020203,8.08080808080808,36.25678294343046,0.5004141219055069,0.19936344654551236,0.051187444199050774,0.23096063942158873,207.94934341431357,0
6,7,619.0,4.846526655896607,3.392568659127625,1.453957996768982,10.612381999203073,0.11736197308050379,0.09366115252306517,0.008050772756655106,0.20145574399148855,52.333254700200236,1
6,11,117.0,4.273504273504273,4.273504273504273,0.0,11.681248230272145,0.6289354101142388,0.016245363358099323,0.0036134078687270234,0.11610728365727317,28.914126982246543,0
6,13,72.0,9.722222222222223,5.555555555555555,4.166666666666668,29.116873808507613,0.5279193430103579,0.07401331319393872,0.028691308691308634,0.11910278968325973,217.50509813060336,0
7,11,200.0,6.5,4.0,2.5,14.899996709239133,0.571397147586826,0.10981494170113892,0.0044373648879280836,0.14724427169918228,23.419127717953693,0
0,1,321.0,4.984423676012461,4.049844236760125,0.9345794392523361,8.202333800356524,0.3811543875032798,0.3083991291780311,0.0567356454442762,0.5639074656648901,15.817682492524419,1
0,3,308.0,5.194805194805195,3.2467532467532463,1.9480519480519485,9.400816025759694,0.1974889117209055,0.35863305054286326,0.09984841286001946,0.6047002062969892,10.416888359574141,1
0,7,396.0,4.292929292929292,4.040404040404041,0.2525252525252517,10.146263264665853,0.23385372406822447,0.3280246579630731,0.08540305010893241,0.5809189750270028,53.194388343484604,1
0,16,38.0,5.263157894736842,0.0,5.263157894736842,24.878492029367028,0.6738757144434192,0.10045098828016255,0.08732595894557256,0.6188937090990421,28.23419106152041,0
0,23,59.0,6.779661016949152,3.389830508474576,3.389830508474576,16.879318924235175,0.23829348469535602,0.2839326406194089,0.07602171136653886,0.5706611210972143,11.95439802594315,1
1,3,775.0,6.322580645161291,5.290322580645161,1.03225806451613,11.792314409630222,0.2666679513843536,0.053893022365060196,0.04311276741574325,0.11281795838713893,5.400794132950278,1
1,16,136.0,3.6764705882352944,0.0,3.6764705882352944,13.907017186677876,0.46247817445412104,0.21416542475071085,0.030590313501296363,0.11807950380915526,12.41650856899599,0
1,23,121.0,9.090909090909092,7.43801652892562,1.6528925619834718,21.935643707942525,0.2642919538079391,0.02601402086509564,0.019286065922262664,0.08545234943902486,3.86328446658127,1
3,16,116.0,3.4482758620689653,0.8620689655172413,2.586206896551724,19.769384161568563,0.6100128381400756,0.2663442032993071,0.012522453914446886,0.18861991660945285,17.817302701946268,0
3,23,117.0,10.256410256410255,6.837606837606838,3.4188034188034173,23.317459823071662,0.08727902705857951,0.07985073821414217,0.023826701493480585,0.11866914700974981,1.537509666369008,1
7,16,164.0,5.487804878048781,0.6097560975609756,4.878048780487806,21.976275276899916,0.6137848491888951,0.23454065012879705,0.001922908836640147,0.0906787103198697,24.96019728196419,0
7,23,136.0,8.088235294117647,4.411764705882353,3.6764705882352935,23.566682368962436,0.06364703359392143,0.04698160351102381,0.009381338742393552,0.16892302457961125,41.239990317541455,1
16,23,14.0,0.0,0.0,0.0,48.036401709401694,0.622932438281379,0.18878562011922675,0.0113042475790337,0.17148496761346999,16.27979303557726,0
5,16,50.0,8.0,0.0,8.0,38.34102349772708,0.6786791138017706,0.02159551543106024,0.1401412019342259,0.21577446117684157,10.823321238612998,0
13,16,23.0,8.695652173913043,0.0,8.695652173913043,42.122774830242214,0.6487229356356724,0.06939567617943132,0.038664990284603885,0.19229239526013456,190.1320407123673,0
4,19,36.0,11.11111111111111,2.7777777777777777,8.333333333333332,28.495884952465833,0.7727318824052938,0.16954723228157872,0.04285162820194671,0.21264089522946694,170.09860330494445,0
7,15,157.0,6.369426751592357,1.910828025477707,4.45859872611465,9.301776065102988,0.5745400360373751,0.09809288184734759,0.15936374549819923,0.16272709037415756,48.407747926709305,0
10,13,25.0,16.0,0.0,16.0,47.092814025974015,0.6317736073320843,0.05372902828627955,0.015288045288045282,0.14588140542259787,216.23692717123916,0
10,15,71.0,5.633802816901409,0.0,5.633802816901409,11.646772350606907,0.4598739347278243,0.015884340367827796,0.13790970933828078,0.1118974113100572,2.657335814126723,0
13,15,24.0,12.5,0.0,12.5,24.56523088023088,0.5191672789011342,0.06957412985682193,0.1226216640502355,0.14425651469555886,213.57959135711243,0
14,15,39.0,12.82051282051282,0.0,12.82051282051282,20.3125141098218,0.5351216301705483,0.16372616503231993,0.26569858712715855,0.20066430320493137,65.20926093099922,0
15,19,12.0,8.333333333333332,0.0,8.333333333333332,44.925013888888884,0.586234315186544,0.2116639858121925,0.07794748472637465,0.19088659683951767,171.47901520132854,0
7,12,120.0,5.0,5.0,0.0,14.579376987158502,0.09803421938400121,0.04314647851387854,0.06016478252538803,0.12199860464630385,51.048324544115374,1
1,6,591.0,5.922165820642978,4.568527918781726,1.3536379018612523,7.451071957958118,0.3020701306688589,0.07275459015037851,0.02061663190800111,0.15500741177582814,14.956548849240052,1
1,10,172.0,2.9069767441860463,2.9069767441860463,0.0,10.500442683531745,0.44136049293466784,0.09301502863769529,0.007213368504737758,0.06407750974715254,13.688377889875847,0
1,13,119.0,9.243697478991598,3.361344537815126,5.882352941176471,26.067547004230953,0.42821417658443806,0.14630355128837672,0.008074676783307524,0.14425357135745212,202.5485492813633,0
3,10,128.0,3.90625,4.6875,-0.78125,14.388240457294026,0.6008284542222473,0.14652991089918982,0.03589939891100549,0.11529255000408803,8.287583756925569,0
3,14,308.0,8.441558441558442,4.545454545454546,3.896103896103896,20.737868542915415,0.3536818429767328,0.03327355294827768,0.0918894788778723,0.18335581186434047,59.57901298820038,0
6,10,83.0,2.4096385542168677,0.0,2.4096385542168677,13.318329397874853,0.6295288853783643,0.020337451185867085,0.013403263403263352,0.15755210626878108,1.2681709593642054,0
6,14,138.0,5.072463768115942,5.072463768115942,0.0,18.923212668663034,0.3729158532680697,0.1593327453894376,0.11438561438561443,0.24175798908323623,69.13476770449016,0
6,23,66.0,3.0303030303030303,4.545454545454546,-1.5151515151515156,14.35707943423184,0.1126416596354731,0.04678762558640009,0.0013305659857384454,0.17317624338020735,11.093264382658782,1
10,23,13.0,7.6923076923076925,7.6923076923076925,0.0,41.281667277167266,0.6170362149386776,0.06708852844307049,0.012072697417524907,0.0979767258458545,9.825093423294577,0
13,23,16.0,18.75,12.5,6.25,55.412406250000004,0.45355825392560534,0.12054790438068394,0.02736074270557019,0.1990416725583119,206.41183374794457,0
14,23,40.0,17.5,0.0,17.5,39.52740681818182,0.30547873647309437,0.11297401210721249,0.11571618037135288,0.18257422042861274,58.04150332183137,0
3,9,112.0,7.142857142857142,8.035714285714286,-0.8928571428571441,19.051061523955845,0.34606201092649924,0.011292258621939066,0.01927674678238155,0.27356763919404825,30.40773600772117,1
7,9,154.0,7.792207792207792,5.194805194805195,2.5974025974025974,20.579980778019312,0.33851731328553064,0.02164271492506092,0.03372210953346858,0.12669377724548228,12.36976397618929,1
9,14,48.0,12.5,6.25,6.25,36.59875719072594,0.4535647290189142,0.04455740100256163,0.07261273209549074,0.17778564831105056,29.171276980479213,0
1,4,586.0,4.948805460750854,6.655290102389079,-1.7064846416382258,7.145114222226371,0.5397302932991029,0.12042426452940229,0.09560048430911508,0.11229113861159898,9.650630179365056,0
3,4,427.0,5.85480093676815,6.0889929742388755,-0.23419203747072537,8.743866753648799,0.6079147392910335,0.17372880049380238,0.13871325172485832,0.08440708498759623,4.249836046414778,0
4,7,554.0,6.859205776173286,4.1516245487364625,2.7075812274368234,11.708500713526545,0.5689972255303907,0.14121494647464644,0.12426788897377129,0.2101851691072697,47.02733603032524,0
4,13,140.0,7.142857142857142,7.142857142857142,0.0,14.928639336463835,0.15314875053413046,0.026165951664114534,0.08752580752580755,0.2004332967124384,212.19917946072837,1
4,14,254.0,6.299212598425196,4.330708661417323,1.9685039370078732,15.07919357020845,0.3116398035881022,0.20640037178984255,0.23060273060273062,0.21776818723110986,63.82884903461516,1
3,19,28.0,3.571428571428571,7.142857142857142,-3.571428571428571,34.33059130849309,0.7503955714411922,0.3363547349763013,0.09586162352291161,0.19643981622643605,165.84876725852968,0
3,21,118.0,7.627118644067797,5.084745762711865,2.5423728813559316,16.059692077474025,0.11962244917729256,0.1758369040594061,0.02961075341923049,0.11096381212602988,1.1820895874720954,1
7,21,130.0,11.538461538461538,5.384615384615385,6.153846153846153,17.792163915250782,0.15378371168356994,0.1433348899907209,0.04405611617031752,0.1459717116487352,41.59541039643837,1
14,21,51.0,13.725490196078432,3.9215686274509802,9.803921568627452,25.391695758489877,0.3854169050388786,0.2084946587780692,0.0622787254586418,0.13628930970946773,58.396923400728284,0
1,9,130.0,5.384615384615385,4.615384615384616,0.7692307692307692,14.464764735779873,0.28800083970642765,0.04261363950464038,0.0623895141981248,0.19192932022156958,25.00694187477089,1
1,21,116.0,12.068965517241379,6.0344827586206895,6.0344827586206895,13.939348579354718,0.23554083624758906,0.12255073924997376,0.07272352083497374,0.07160481486836083,4.218704545478182,1
4,9,56.0,3.571428571428571,7.142857142857142,-3.571428571428571,13.291130608532882,0.6755235533230659,0.16259965860237602,0.15798999850723988,0.25838759702088904,34.65757205413595,0
4,21,66.0,13.636363636363635,3.0303030303030303,10.606060606060606,13.459473701234396,0.6313475788731128,0.002145165449280954,0.16832400514408882,0.13701787616573827,5.431925633886873,0
4,23,56.0,10.714285714285714,1.7857142857142856,8.928571428571427,16.321446733821734,0.569740092700752,0.09457341775467827,0.11488655023137774,0.11499716330899439,5.787345712783786,0
9,13,14.0,21.428571428571427,0.0,21.428571428571427,51.60921225203368,0.5760471531992335,0.18829049766316908,0.07046419098143232,0.09646986262413788,177.54160740659242,0
9,21,24.0,12.5,8.333333333333332,4.166666666666668,23.209788926049796,0.35278573883673864,0.16471203286438635,0.01033400663684894,0.24266422193240383,29.225646420249074,1
9,23,20.0,10.0,5.0,5.0,23.232737074690018,0.3590909928022136,0.06858933524806952,0.043103448275862134,0.23070833193009513,28.87022634135216,1
13,21,17.0,5.88235294117647,11.76470588235294,-5.88235294117647,43.907741445441815,0.5218204311555281,0.024021308501083524,0.08079819761828126,0.20173701308691538,206.76725382684148,0
21,23,15.0,13.333333333333334,0.0,13.333333333333334,32.94934708994709,0.14885315608294214,0.09670681708670234,0.053437454912711076,0.08695488489328848,0.35542007889691263,1
1,5,377.0,7.6923076923076925,6.631299734748011,1.0610079575596814,9.469524272749512,0.5525055059773738,0.19324841055920214,0.10955088843292955,0.10012983303578701,1.5931873303829924,0
1,11,233.0,6.008583690987124,5.579399141630901,0.42918454935622297,6.439130913130913,0.5299097875024908,0.08894136328683079,0.024230039776728135,0.056504993566100364,13.95757813300649,0
3,5,256.0,7.03125,2.734375,4.296875,8.272285414055732,0.6349425850605344,0.24573873811335867,0.1526636558486728,0.1263171487627363,6.99398146333327,0
0,13,38.0,7.894736842105263,5.263157894736842,2.6315789473684212,24.723338652575503,0.6200545311923954,0.16834741713605278,0.048660968660968675,0.48843473804055826,218.36623177388773,0
0,17,9.0,11.11111111111111,0.0,11.11111111111111,26.069696649029986,0.6872522989537166,0.21050758891651378,0.02319177816560014,0.5541968965917625,34.04603276411105,0
0,21,54.0,7.4074074074074066,5.555555555555555,1.8518518518518512,11.047021601854935,0.246551425679457,0.1915643073731456,0.12945916627924994,0.5960735110888931,11.598977947046237,1
0,26,9.0,11.11111111111111,0.0,11.11111111111111,30.078857142857146,0.7211568468603148,0.1374216327713381,0.037118886842643806,0.5785118558562143,5.5727907578717595,0
13,17,13.0,0.0,0.0,0.0,29.971547619047623,0.13170416573160906,0.0437049367132762,0.025469190495368537,0.20028454197866002,184.32019900977667,1
13,26,12.0,0.0,0.0,0.0,23.975783882783876,0.229673216558163,0.03178731284430673,0.08577985550361249,0.20426913368252203,212.79344101601598,1
0,8,119.0,3.361344537815126,4.201680672268908,-0.8403361344537816,6.219095416325038,0.6947332639722084,0.19723808424028544,0.15657553716244457,0.5643813643988935,8.727603597695463,0
1,8,205.0,4.878048780487805,3.414634146341464,1.463414634146341,9.952631003013856,0.48993871215564405,0.11671026861987646,0.09983989171816837,0.09770707395981885,7.090078894828956,0
7,8,245.0,8.16326530612245,3.2653061224489797,4.8979591836734695,12.105024311122763,0.6487513330502841,0.13751206748529562,0.07117248705351216,0.13381503199474276,44.46678474578914,0
0,9,101.0,5.9405940594059405,7.920792079207921,-1.9801980198019802,7.035974863044836,0.35395076168907497,0.34816704561331024,0.119125159642401,0.5234351059056741,40.824624367295314,1
3,8,167.0,5.389221556886228,1.7964071856287425,3.5928143712574854,10.829532972247145,0.6454470931446201,0.17004616752752563,0.05672712430242512,0.15199662809219652,1.6892847618786782,0
8,9,33.0,6.0606060606060606,3.0303030303030303,3.0303030303030303,9.076688732683087,0.6138628605616154,0.15890971185308206,0.03745037752004357,0.21837639930793823,32.09702076959985,0
8,13,21.0,14.285714285714285,9.523809523809524,4.761904761904761,35.57772687728938,0.682022286891273,0.02990945739567214,0.1079145685014759,0.15155587206417892,209.63862817619227,0
8,16,44.0,6.8181818181818175,2.272727272727273,4.545454545454545,18.82247319719576,0.08973532616550474,0.09912973606311788,0.06924957821687201,0.12900971220344132,19.506587463824946,1
9,16,24.0,12.5,4.166666666666666,8.333333333333334,18.196122770345596,0.6124875512773413,0.25546622734606267,0.031799200696828435,0.21267202714555347,12.590433305774901,0
3,17,33.0,12.121212121212121,6.0606060606060606,6.0606060606060606,19.58053270803271,0.5761112316759877,0.1564437422007288,0.07665663469441931,0.07395099734675956,23.62914440453691,0
7,17,55.0,7.2727272727272725,1.8181818181818181,5.454545454545454,13.016999265138157,0.53904714689721,0.12383959578146088,0.06221127194333228,0.20169160520493404,19.14835557937355,0
0,10,35.0,2.857142857142857,0.0,2.857142857142857,10.646879201680674,0.6710149553945811,0.22013009892651417,0.06394901394901396,0.5769217196606119,2.1293046026485722,0
0,14,67.0,5.970149253731343,1.4925373134328357,4.477611940298507,17.437443594133892,0.47071077518583343,0.3892954955063363,0.19173789173789174,0.6181917382492569,69.99590134777452,0
9,10,21.0,9.523809523809524,4.761904761904762,4.761904761904762,22.359395382395377,0.5826717240608266,0.1353510427327676,0.055176145693387045,0.16878286307904758,38.69531976464674,0
1,26,29.0,3.4482758620689653,6.896551724137931,-3.4482758620689653,15.264092775041052,0.4801782219944556,0.17753821199447933,0.09385453228692,0.08281158092335922,10.24489173465266,0
3,26,27.0,14.814814814814813,0.0,14.814814814814813,31.522454282896586,0.6068187741869087,0.23023830013611618,0.13696729970266325,0.08961937428149673,4.844097601702382,0
5,26,15.0,6.666666666666667,20.0,-13.333333333333332,27.613321559392993,0.15190648289213507,0.01610607551586887,0.01569635614600955,0.11999015818367882,11.838079065035652,1
7,26,34.0,17.647058823529413,0.0,17.647058823529413,27.767953926282054,0.5734802495974297,0.19810875712991033,0.12252193695157622,0.1766660346975059,47.62159758561284,0
4,18,182.0,6.043956043956044,7.142857142857142,-1.0989010989010985,5.080061927903156,0.05605913810161892,0.03331372103170285,0.0161475200035612,0.05513620255919477,7.051076805671025,1
7,18,97.0,6.185567010309279,5.154639175257731,1.0309278350515472,10.736492460116636,0.5585313428009624,0.17402760800045455,0.1081203689702101,0.1696726942862551,54.07841283599626,0
13,18,44.0,11.363636363636363,11.363636363636363,0.0,8.389337150575523,0.1324275417455736,0.007152437948454236,0.07137828752224636,0.1736951034584815,219.2502562663994,1
14,18,72.0,5.555555555555555,2.7777777777777777,2.7777777777777777,13.050508011664261,0.2941256049486175,0.2387752767714026,0.21445521059916942,0.17086207400753273,70.87992584028619,1
4,6,320.0,2.8125,4.6875,-1.875,6.3719411162941295,0.6304190923295339,0.047910709636639605,0.11621711621711618,0.14472344646112728,5.3059186698749965,0
6,19,16.0,12.5,6.25,6.25,26.366423809523813,0.7676369146450759,0.21595643432799883,0.07336548801516947,0.2094526534583733,175.40452197481946,0
1,15,168.0,6.547619047619048,3.571428571428571,2.976190476190477,5.802076487910892,0.48843965824586555,0.07719473858557102,0.130696340833543,0.09794300386806114,11.031042075749124,0
3,15,109.0,9.174311926605505,1.834862385321101,7.339449541284404,5.963896888333513,0.5919093435801046,0.13080949628760513,0.17380910824928628,0.17025409236185182,5.630247942798846,0
4,15,143.0,9.090909090909092,4.195804195804196,4.895104895104896,5.070481387858173,0.5427339390900481,0.04346252976427317,0.03509585652442795,0.12847906112751017,1.380411896384068,0
6,15,101.0,3.9603960396039604,1.9801980198019802,1.9801980198019802,7.484879952530462,0.6306773899579219,0.004453742505478694,0.15131297274154412,0.1026468790652424,3.9255067734909286,0
4,5,416.0,6.730769230769231,4.807692307692308,1.9230769230769225,7.038302843767417,0.06284128711908384,0.07396035285443135,0.013950404123814479,0.06470043946559924,11.243817509748048,1
2,6,215.0,0.9302325581395349,4.186046511627907,-3.2558139534883725,4.693426305044162,0.620618564998413,0.04840113966213695,0.0901147821250914,0.06045893625762386,2.6934772002172984,0
2,14,112.0,0.8928571428571428,4.464285714285714,-3.5714285714285716,7.938367113773078,0.304646703748891,0.20687990660430147,0.20450039651070584,0.2205386380283051,71.82824490470746,1
1,2,330.0,1.5151515151515151,7.878787878787878,-6.363636363636363,4.687582588134379,0.5166005269743055,0.12091112709727252,0.06949815021709028,0.11538935666745145,17.650026049457352,0
2,5,194.0,3.0927835051546393,8.24742268041237,-5.154639175257731,5.109473696111535,0.0605541447209371,0.07347128388463113,0.04005273821583927,0.05345224715816506,19.24321337984034,1
2,7,317.0,3.1545741324921135,4.73186119873817,-1.5772870662460567,7.097531559780036,0.5572269904526816,0.14170032442533342,0.0981655548817465,0.19045209153754372,55.02673190041753,0
2,8,65.0,3.076923076923077,6.153846153846154,-3.076923076923077,7.512053546713703,0.6911490505625318,0.004236577263533399,0.16933804193525867,0.15488903104318882,10.559947154628395,0
5,8,89.0,5.617977528089887,10.112359550561797,-4.4943820224719095,6.068642125293009,0.7037898119589443,0.07768907641488886,0.20939078015109794,0.16536981592279676,8.683266225211948,0
1,24,140.0,7.142857142857142,7.142857142857142,0.0,8.17594839330953,0.2196824076823984,0.06748332435425505,0.02735291238729836,0.2443837528790491,15.654533288638724,1
3,24,154.0,6.493506493506493,8.441558441558442,-1.9480519480519494,7.712120225768184,0.11948770811889155,0.12115188866815084,0.01575985502844489,0.16151297189937788,10.253739155688447,1
6,8,173.0,4.046242774566474,3.4682080924855487,0.5780346820809257,8.142030186004002,0.6635054987875052,0.0441702714441644,0.07922325981016726,0.19194065956359976,7.866469954411096,0
6,24,99.0,5.05050505050505,8.080808080808081,-3.030303030303031,6.443423312934343,0.13659514125506844,0.005285299501076556,0.006736280479297249,0.26485149775515837,0.6979844393986729,1
7,24,146.0,5.47945205479452,5.47945205479452,0.0,9.582075614676718,0.11240787756496914,0.08839927460743785,0.0013144922773578572,0.3333987743520431,53.03123913959891,1
8,14,30.0,6.666666666666667,3.3333333333333335,3.3333333333333335,19.770103001628,0.6564701480293859,0.20274146364199466,0.03516235457544717,0.12810839326717713,61.26829775007906,0
8,23,28.0,7.142857142857142,0.0,7.142857142857142,20.400921614100184,0.6626450968505434,0.09084770101727033,0.08055382579590571,0.1738512610706754,3.226794428247686,0
8,24,37.0,0.0,0.0,0.0,9.425706750040085,0.624326154831154,0.0494486698823293,0.07248697933087002,0.29175367799690183,8.564454393809768,0
14,24,56.0,3.571428571428571,10.714285714285714,-7.142857142857142,13.679969998108888,0.2916080001614828,0.15411454810397202,0.10764933390631719,0.330291774958255,69.83275214388883,0
23,24,19.0,10.526315789473683,5.263157894736842,5.263157894736842,15.340362229102164,0.1434463633830964,0.041507883396702916,0.008066846465035695,0.20037781026210774,11.791248822057455,1
5,23,38.0,0.0,5.263157894736842,-5.263157894736842,9.364620498266783,0.599508135394688,0.1677314769688877,0.1288369543551922,0.09172103162168452,5.456471796964262,0
5,6,270.0,7.037037037037037,5.185185185185185,1.851851851851852,5.030071361684094,0.659632167072259,0.12155561965301656,0.13016752034093065,0.10042180332700196,16.549736179623046,0
5,9,42.0,7.142857142857142,2.380952380952381,4.761904761904761,7.845557647888215,0.6936695706632198,0.234792767925026,0.17194040263105437,0.22194923932873958,23.4137545443879,0
5,10,44.0,9.090909090909092,6.8181818181818175,2.2727272727272743,12.379001476559615,0.6636499306619942,0.10139426554887593,0.11676425693766732,0.11167555098675827,15.28156522025884,0
5,15,101.0,8.91089108910891,2.9702970297029703,5.94059405940594,7.003007856148482,0.5346304863721335,0.11714521578703622,0.021145452400613465,0.06889496907775489,12.624229406132116,0
6,9,81.0,4.938271604938271,8.641975308641975,-3.7037037037037033,7.673522363795584,0.3585334128889342,0.11518514583666802,0.041772882290123686,0.18285721717329878,39.963490724010946,1
9,15,16.0,12.5,0.0,12.5,13.999071829212454,0.6129666911590919,0.11960627570784801,0.1930858550316678,0.1871227227637119,36.037983950520015,0
1,12,127.0,5.511811023622047,7.874015748031496,-2.362204724409449,5.569812047981497,0.2142738889724375,0.022176050914795985,0.03149737786073182,0.07684022708805842,13.671618693155192,1
0,2,71.0,2.8169014084507045,1.4084507042253522,1.4084507042253522,3.9240771185164047,0.7113012709006157,0.19315844265867982,0.012762504772814083,0.48394297964639316,1.8323435569329316,0
0,4,119.0,3.361344537815126,0.8403361344537815,2.5210084033613445,5.8155520034323915,0.7157334152695453,0.19363160159789158,0.03886483886483887,0.5460384435306072,6.167052313159363,0
0,5,159.0,5.031446540880504,5.031446540880504,0.0,4.4866387369344665,0.7457300045253406,0.12166789804009386,0.05281524298865335,0.5185084750523635,17.41086982290741,0
0,6,331.0,3.625377643504532,4.229607250755287,-0.6042296072507551,5.283040362427195,0.15840295398129817,0.23955681543238186,0.07735227735227732,0.4489839811633076,0.8611336432843668,1
2,3,261.0,1.532567049808429,3.8314176245210727,-2.2988505747126435,5.168089321272699,0.5950772083919839,0.17421148364702932,0.11261091763283354,0.15839526859218553,12.249231916507073,0
2,4,314.0,3.5031847133757963,5.095541401273886,-1.5923566878980897,4.424648277087199,0.057434683984714206,0.0004891412089675609,0.026102334092024792,0.09043866799512965,7.999395870092295,1
2,9,26.0,3.8461538461538463,7.6923076923076925,-3.8461538461538463,8.9480251244482,0.6653848120253444,0.16308331418212774,0.13188766441521507,0.2071490602829354,42.65696792422824,0
2,16,53.0,1.8867924528301887,0.0,1.8867924528301887,8.107102935472145,0.6611754547370096,0.09492542080183143,0.10008846371838664,0.22526831001139716,30.06653461845334,0
2,21,38.0,5.263157894736842,7.894736842105263,-2.6315789473684212,7.987520897756193,0.6098383481439537,0.0016538469028578586,0.142221671052064,0.16597385069487317,13.431321503979168,0
4,16,75.0,2.666666666666667,1.3333333333333335,1.3333333333333335,9.119330402324184,0.6895518056027222,0.0954129523915717,0.12619079781041143,0.22125043996595026,22.067138748361046,0
5,21,50.0,12.0,2.0,10.0,9.07600255733329,0.6511824973837332,0.07182376685838257,0.18227440926790328,0.14140061217901245,5.811891875861175,0
6,16,88.0,3.4090909090909087,2.272727272727273,1.1363636363636358,10.069731156574907,0.6290479331734669,0.1428294169709581,0.009973681593295253,0.2538344431050787,27.373057418236044,0
6,21,68.0,8.823529411764707,5.88235294117647,2.9411764705882364,9.553007057484999,0.14629855710756526,0.05005293964282975,0.05210688892697263,0.21166732195876192,10.73784430376187,1
14,16,46.0,4.3478260869565215,2.1739130434782608,2.1739130434782608,17.06700639758792,0.6225163116481357,0.2982319178273281,0.10441193279231918,0.06496092598958307,41.761710286254115,0
16,21,23.0,8.695652173913043,0.0,8.695652173913043,19.246544858523123,0.5483767352170543,0.09328303317041023,0.042133207333677376,0.11275421213713299,16.635213114474173,0
1,18,124.0,4.838709677419355,6.451612903225806,-1.612903225806451,6.476553679495655,0.5315806594492587,0.15335213148179255,0.07945296430555387,0.08295219925784775,16.701706985036083,0
3,18,81.0,4.938271604938271,8.641975308641975,-3.7037037037037033,6.399347768968022,0.5983207794058671,0.20633720426616026,0.12256573172129713,0.07084991750951097,11.300912852085803,0
5,18,84.0,4.761904761904762,3.571428571428571,1.1904761904761907,4.409718879697539,0.09853568293821868,0.040730607734046104,0.030097924127375678,0.08969682224570139,18.29489431541907,1
5,24,54.0,1.8518518518518516,1.8518518518518516,0.0,7.751416943350766,0.5867621623533613,0.12678591562003427,0.1369038008202279,0.18908251031973985,17.247720619021717,0
10,18,18.0,11.11111111111111,11.11111111111111,0.0,8.053891534391534,0.6813215185058463,0.060864313224328184,0.08666633281029164,0.09546325879736643,3.013329095160234,0
10,24,19.0,5.263157894736842,5.263157894736842,0.0,15.239338763575605,0.5836921161401424,0.025621302493405836,0.020139543882560604,0.23858825429806402,1.9661553987628784,0
18,23,11.0,0.0,18.181818181818183,-18.181818181818183,12.925445665445665,0.5538744199384341,0.12762668434857158,0.09873903022781655,0.1200382966191748,12.838422518454811,0
18,24,18.0,5.555555555555555,5.555555555555555,0.0,7.587581569664902,0.5531004985870678,0.08639678759216096,0.10680587669285224,0.19392651083510043,1.0471736963973557,0
0,11,42.0,4.761904761904762,2.380952380952381,2.380952380952381,6.457669478438229,0.6663759016150298,0.22404645302758402,0.08096568522100434,0.5413459351022588,29.77526062553091,0
0,18,9.0,0.0,0.0,0.0,13.837619047619047,0.7049945541625936,0.1614104896702729,0.022717318861277674,0.5617435393265534,0.8840244925116618,0
0,19,6.0,0.0,0.0,0.0,25.27696428571429,0.7957824588228581,0.02527904785676431,0.003986789337107837,0.5900232947473147,176.26565561810384,0
11,18,27.0,3.7037037037037033,3.7037037037037033,0.0,5.004342445620224,0.6432800314461593,0.06494622961521584,0.10368300408228201,0.06579860406290457,30.65928511804257,0
11,19,19.0,5.263157894736842,0.0,5.263157894736842,18.787607843137256,0.7144935478046999,0.20027973703315732,0.0769788958838965,0.16101852365135463,146.49039499257293,0
18,19,5.0,0.0,0.0,0.0,30.57992857142857,0.7778290378002285,0.13700721773240349,0.026704108198385514,0.16755299400976925,177.1496801106155,0
0,12,73.0,2.73972602739726,4.10958904109589,-1.3698630136986298,4.889946533790284,0.2987724487208234,0.28755197876305644,0.025238267583544385,0.5188530897758368,2.1460637993692266,1
3,12,102.0,1.9607843137254901,8.823529411764707,-6.862745098039216,6.297190281718991,0.14054722583446122,0.0760234272199125,0.07461014527647507,0.18019239181195956,8.270824560204915,1
12,14,27.0,3.7037037037037033,14.814814814814813,-11.11111111111111,9.664435278713055,0.22370719908335548,0.10915868834582981,0.16649962415434735,0.1619581749246586,67.8498375484053,0
12,18,13.0,7.6923076923076925,0.0,7.6923076923076925,13.16360522810523,0.48598093302271655,0.13142851092300867,0.04795558644482206,0.14118418188743326,3.0300882918808885,0
9,19,9.0,0.0,0.0,0.0,36.18145117845118,0.7320299074130371,0.3257710168970871,0.11513837030529317,0.12080690080270677,135.44103125080852,0
8,11,53.0,9.433962264150944,3.7735849056603774,5.660377358490567,7.770446560384059,0.6515304954903564,0.027937469485398544,0.07560985194144024,0.13057377913763887,21.047657027835445,0
8,21,31.0,3.225806451612903,3.225806451612903,0.0,6.429832284382284,0.5897250455682665,0.005891065931197964,0.027116370883194633,0.11967146841577017,2.8713743493507735,0
11,21,26.0,11.538461538461538,0.0,11.538461538461538,17.296909587207665,0.5952546724435872,0.03382496740727825,0.04849348105824561,0.11019190081812297,18.17628267848467,0
6,26,10.0,10.0,0.0,10.0,12.69504761904762,0.6342617264526099,0.10561575148499229,0.11447116419492112,0.1945805602991331,4.711657114587393,0
8,26,12.0,8.333333333333332,0.0,8.333333333333332,12.185458485958485,0.6011162942515273,0.06164995892074483,0.19369442400508838,0.109252954524811,3.1548128398237036,0
14,26,19.0,5.263157894736842,0.0,5.263157894736842,12.92458395989975,0.33919387577778803,0.26247698087993093,0.22885677858053555,0.16982703553705444,64.42311058990276,1
16,19,18.0,22.22222222222222,0.0,22.22222222222222,22.989799783549785,0.20066854896371575,0.07552785115142481,0.08333916960846473,0.13197521989068092,148.03146455658342,1
6,17,25.0,4.0,4.0,0.0,8.51079746031746,0.5950742024873571,0.030373862483919038,0.054160499186677175,0.1500045990091983,33.184899120826685,0
16,17,9.0,0.0,0.0,0.0,17.585357142857145,0.6731033575365696,0.11281592938011487,0.06413418077997242,0.209769481993408,5.811841702590641,0
19,21,7.0,28.57142857142857,0.0,28.57142857142857,22.184683673469387,0.6925036344046142,0.16745885645296493,0.1254723769421421,0.17046909150228598,164.66667767105758,0
1,17,60.0,8.333333333333332,3.3333333333333335,4.999999999999998,7.917917624521073,0.5124060351001631,0.10299989606761065,0.03354386727867606,0.10144507071105124,18.22835027158663,0
4,17,70.0,10.0,0.0,10.0,6.469984004884004,0.09305690477809715,0.017553242197534992,0.062056617030439014,0.017296184853342295,27.878980450951687,1
14,17,14.0,14.285714285714285,7.142857142857142,7.142857142857142,17.12275,0.2759655311408285,0.1892222038008907,0.1685461135722916,0.208027422559224,35.94986858366347,1
17,23,9.0,22.22222222222222,11.11111111111111,11.11111111111111,19.348703703703706,0.5325501847089631,0.07709808997960349,0.052829933200938727,0.10013152784617076,22.0916347381679,0
4,11,147.0,6.122448979591836,6.802721088435375,-0.6802721088435382,4.961262088921179,0.644738688547051,0.03168088809596521,0.11983052408584322,0.07442692462781442,23.608208312371545,0
11,16,36.0,2.7777777777777777,2.7777777777777777,0.0,10.05131891204034,0.6430364606564457,0.1267960096082516,0.0063602737245682306,0.17265928136920272,1.541069564010499,0
2,12,43.0,4.651162790697675,16.27906976744186,-11.627906976744185,7.602011943618734,0.48417022709662016,0.09888069542584124,0.038000772356358466,0.10871174396173913,3.9784073563021582,0
2,13,61.0,3.278688524590164,4.918032786885246,-1.639344262295082,10.057885444947209,0.140974735024961,0.025675011641392822,0.06142347343378276,0.1371793502589993,220.19857533082066,1
12,13,15.0,6.666666666666667,0.0,6.666666666666667,19.151400432900427,0.38120636031933314,0.12435392365589064,0.023422701077424293,0.1191328955793139,216.2201679745185,0
10,21,26.0,15.384615384615385,0.0,15.384615384615385,11.310682844932844,0.5493344040134149,0.029734741168436978,0.06551015233023598,0.11239342009996675,9.469673344397664,0
4,26,40.0,7.5,7.5,0.0,7.010986615948155,0.1809820647434102,0.05791456161556671,0.0017459520221950698,0.09748643777948054,0.5942615552876038,1
8,19,13.0,15.384615384615385,0.0,15.384615384615385,26.419686507936504,0.17565927665963693,0.17319066679436693,0.15258874782533674,0.14337945086347514,167.53805202040837,1
19,23,8.0,12.5,12.5,0.0,45.385221861471855,0.7646222754426176,0.26081856272929244,0.07203492202943103,0.1923571177379652,164.31125759216067,0
5,12,55.0,5.454545454545454,9.090909090909092,-3.6363636363636376,4.739832466144966,0.5263840783066981,0.17150390312204172,0.07805351057219774,0.1096319264050302,15.264806023538185,0
5,17,47.0,8.51063829787234,4.25531914893617,4.25531914893617,6.996435990338162,0.12581254537631556,0.09142246129513874,0.07600702115425349,0.06256851354072765,16.63516294120364,1
12,17,8.0,12.5,12.5,0.0,14.199416666666666,0.463937215284833,0.08092395305249844,0.0020464894179442437,0.14511942158951335,31.899968964741824,0
8,10,29.0,3.4482758620689653,3.4482758620689653,0.0,6.445960884353743,0.11519473031431311,0.023846322299778788,0.09262652321343062,0.13836246460036605,6.598298995046891,1
11,12,22.0,4.545454545454546,4.545454545454546,0.0,4.347882034632034,0.5751969405827769,0.06683597254621075,0.05572741763745995,0.08960190899460432,27.62919682616168,0
11,26,6.0,0.0,0.0,0.0,7.062555555555555,0.6197790046616725,0.08947517975675645,0.11808457206364814,0.09934118791815906,24.202469867659147,0
9,11,23.0,0.0,4.3478260869565215,-4.3478260869565215,11.837435923979399,0.5606329841589652,0.13129799662974936,0.038159474421396666,0.19711986722670058,11.049363741764402,0
11,23,19.0,5.263157894736842,10.526315789473683,-5.263157894736842,10.023017752715122,0.5895530015952799,0.0630057029220122,0.004943973854465469,0.0798558575494939,17.82086259958776,0
4,8,97.0,5.154639175257731,7.216494845360824,-2.0618556701030926,5.337245847865584,0.7163995400900196,0.003745370424778781,0.19544037602728345,0.15261212695468238,2.5605512845361,0
2,26,16.0,6.25,6.25,0.0,7.83121875,0.15516714629467235,0.057424639638530825,0.02435638206982972,0.14096270696441823,7.405134314804691,1
9,26,5.0,40.0,0.0,40.0,31.056938461538465,0.6490510616531788,0.21924603984517682,0.1562440464850448,0.25961174030687245,35.25183360942355,0
0,24,59.0,3.389830508474576,5.084745762711865,-1.694915254237289,4.280554346467659,0.2408385940457853,0.2445908871883188,0.08408855783157457,0.6007314269047902,0.16314920388569387,1
4,24,77.0,7.792207792207792,10.38961038961039,-2.5974025974025974,6.737235422355423,0.5593869302669503,0.05318788935547461,0.12295339669641343,0.15538303007647833,6.003903109273669,0
21,24,23.0,8.695652173913043,13.043478260869565,-4.3478260869565215,18.332052603193905,0.1859104025856816,0.0553293753495145,0.04537060844767538,0.23892172133941697,11.435828743160542,1
4,10,90.0,4.444444444444445,4.444444444444445,0.0,5.45354755755608,0.6753679357238275,0.02759030364106396,0.10281385281385283,0.12647369990789306,4.037747710510791,0
11,24,33.0,12.121212121212121,12.121212121212121,0.0,9.69794303171576,0.5927996333548929,0.02152976616044175,0.0031228726105702264,0.21008024047362725,29.612111421645213,0
10,11,51.0,0.0,7.8431372549019605,-7.8431372549019605,4.79185248447205,0.5961164731562593,0.004092659740134493,0.017016671271990375,0.0687678212194663,27.645956022882338,0
4,12,73.0,6.8493150684931505,8.21917808219178,-1.3698630136986294,4.932248170480313,0.49795113476842656,0.09839247357851856,0.06410310644838325,0.1523882032629377,4.020988513790137,0
6,12,100.0,3.0,11.0,-8.0,3.7215356767075516,0.1742695767378787,0.05062182406839196,0.05211400976873293,0.1294021372338564,1.2849301560848598,1
6,18,50.0,4.0,4.0,0.0,4.321863925190455,0.61877022709417,0.08113510101776181,0.10006959621355499,0.1517385222444681,1.7451581357960286,0
12,21,13.0,0.0,30.76923076923077,-30.76923076923077,4.919422660672661,0.1885941420816916,0.10052493648040634,0.10422089869570555,0.12148188494672128,9.45291414767701,1
18,21,15.0,13.333333333333334,0.0,13.333333333333334,6.7366286676286675,0.618714043971626,0.031169744096556852,0.15217648514052762,0.1153983478441638,12.483002439557898,0
2,17,15.0,0.0,6.666666666666667,-6.666666666666667,6.24706349206349,0.08401142192218078,0.018044318088586583,0.035954282938414225,0.09561322526609024,35.87837632104398,1
2,23,34.0,5.88235294117647,11.76470588235294,-5.88235294117647,6.96402793938088,0.5575886472606635,0.09506185193149784,0.08878421613935294,0.13406800328204443,13.78674158287608,0
15,16,25.0,12.0,0.0,12.0,6.165526887464387,0.5110430282593459,0.13843780805862266,0.16128665433483938,0.19538919748614147,23.447550644745114,0
12,16,12.0,8.333333333333332,0.0,8.333333333333332,11.730767857142858,0.5952639696338864,0.19253842323037915,0.06208769136202818,0.14881349544301176,26.088127262151183,0
2,15,73.0,6.8493150684931505,1.36986301369863,5.47945205479452,2.92291393864763,0.525535728527903,0.04395308857822002,0.061198190616452736,0.08352038838755547,6.618983973708227,0
2,18,72.0,4.166666666666666,6.944444444444445,-2.7777777777777786,3.7530745265625125,0.07516887959151437,0.03282293756975728,0.009954814088463593,0.10289241577402276,0.9483190644212698,1
12,15,24.0,4.166666666666666,0.0,4.166666666666666,3.2601597282072117,0.5526834184194858,0.05506880195831679,0.09919896297281121,0.06279016935948664,2.6405766174060687,0
15,18,27.0,7.4074074074074066,0.0,7.4074074074074066,3.6366902356902355,0.5601788057493851,0.07669916377849598,0.05124337652798914,0.1360834171468128,5.670664909286957,0
16,24,23.0,8.695652173913043,4.3478260869565215,4.3478260869565215,12.767723802767284,0.5952322012153156,0.14803689300684358,0.003237401113998004,0.3332490575697579,28.071041857634714,0
2,10,49.0,4.081632653061225,2.0408163265306123,2.0408163265306123,3.7409800724637687,0.6482049977402718,0.028081227514620676,0.07671151872182805,0.13252711225130223,3.961648159581504,0
10,16,29.0,3.4482758620689653,3.4482758620689653,0.0,11.502933771209634,0.11935688114605227,0.12275046949618221,0.023376944996558607,0.14102467456250262,26.10488645887184,1
2,11,99.0,2.0202020202020203,4.040404040404041,-2.0202020202020203,3.4902124133176766,0.6308760552251905,0.03217173228703956,0.09372818999381842,0.0730285725305817,31.607604182463838,0
9,24,19.0,5.263157894736842,10.526315789473683,-5.263157894736842,9.67342334342644,0.3201982812750326,0.10993524151893205,0.03503660181082644,0.37451508552747614,40.66147516340962,1
19,24,6.0,0.0,0.0,0.0,9.801833333333333,0.7415294843880378,0.2210449815601496,0.08010176849446672,0.3288662462812389,176.10250641421814,0
16,18,19.0,0.0,0.0,0.0,4.676405166624696,0.6903974935673595,0.06227130674518093,0.11004327780685025,0.1819237399176059,29.11821555403207,0
0,15,45.0,4.444444444444445,0.0,4.444444444444445,4.622734684065934,0.6907728397959652,0.23531014564386651,0.07396069538926682,0.5091935260870696,4.786640416775295,0
8,12,24.0,4.166666666666666,4.166666666666666,0.0,7.511196428571428,0.6332783563203991,0.09466833640546407,0.13133726957890018,0.13859205204285338,6.5815397983262365,0
2,24,29.0,3.4482758620689653,3.4482758620689653,0.0,5.0673336306550585,0.5495519911426978,0.053678152025297375,0.09685106260438864,0.2259361459102112,1.9954927608186255,0
13,24,21.0,9.523809523809524,0.0,9.523809523809524,8.614424797424798,0.45588012258463184,0.07927905481796706,0.035427589170605886,0.33733704218272226,218.20308257000204,0
12,24,17.0,0.0,17.647058823529413,-17.647058823529413,4.316920231729055,0.11577586006711386,0.04534310560318543,0.05885029024803018,0.2829065875206158,1.9829145954835328,1
9,12,16.0,0.0,18.75,-18.75,1.8261415343915346,0.36143832590198643,0.0647588888244994,0.09388689205885661,0.16969352576518215,38.678560567926084,1
12,23,23.0,0.0,4.3478260869565215,-4.3478260869565215,3.2358611111111113,0.10414043574028649,0.0038388474433275156,0.05078344378299448,0.10745700145346865,9.808334226573923,1
15,21,17.0,17.647058823529413,0.0,17.647058823529413,6.221490573152337,0.5873825109704809,0.045605333313652005,0.20341986166851675,0.14299940129449581,6.812337530270941,0
8,18,12.0,0.0,0.0,0.0,3.771247023809524,0.7206604938117908,0.0370559544941604,0.17929285602372225,0.10923304319556053,9.611628090207125,0
10,12,14.0,0.0,0.0,0.0,4.066406746031746,0.585141822942388,0.07091761819932436,0.038710746365469575,0.11227729281370646,0.0167591967206544,0
10,17,8.0,0.0,0.0,0.0,6.134149659863945,0.6698891571750247,0.01004015937198241,0.040757235783413816,0.11612582662821706,31.91672816146248,0
8,15,31.0,3.225806451612903,0.0,3.225806451612903,2.4585231074481078,0.5224850178430188,0.03972115808736001,0.2305362325517114,0.1762927212761724,3.9409631809201677,0
8,17,11.0,0.0,0.0,0.0,4.08639393939394,0.7075341410585176,0.01380821010928748,0.13338375899684443,0.14981261010620486,25.318429166415587,0
11,17,11.0,0.0,18.181818181818183,-18.181818181818183,6.68221212121212,0.6434831090785667,0.014132723246558607,0.057773907055404194,0.06652237410400808,4.270772138580142,0
17,24,7.0,14.285714285714285,14.285714285714285,0.0,9.438404761904762,0.5309955750491666,0.035655893810054864,0.06089677966597442,0.1560251772510194,33.88288356022536,0
16,26,10.0,0.0,0.0,0.0,4.58024358974359,0.5789060618702159,0.03768786166407206,0.12444484578821637,0.15586205588364327,22.661400303648648,0
11,15,47.0,6.382978723404255,0.0,6.382978723404255,2.564183428300095,0.5607011854083939,0.011791886647967388,0.15492638061027114,0.07274270694360814,24.988620208755613,0
15,23,12.0,8.333333333333332,0.0,8.333333333333332,3.697293981481481,0.6006025352620386,0.051235562219877614,0.14998240675580568,0.0883622453085567,7.167757609167854,0
15,24,20.0,5.0,0.0,5.0,4.108611431623933,0.5533944014914635,0.009739218190270325,0.15804925322084137,0.2432809104119086,4.6234912128896015,0
18,26,9.0,0.0,11.11111111111111,-11.11111111111111,4.463777777777778,0.20773956700376037,0.024639501545544597,0.014401567981366128,0.08340536796439994,6.456815250383421,1
15,17,13.0,7.6923076923076925,0.0,7.6923076923076925,2.5274743589743585,0.5552102211500267,0.025922034368962014,0.09715247355486696,0.12211472200548927,29.259392347335755,0
2,19,17.0,0.0,5.88235294117647,-5.88235294117647,3.7013820105820106,0.7474939435660815,0.16906924168608864,0.01674929410992192,0.20127730469148022,178.09799917503676,0
15,26,10.0,0.0,0.0,0.0,1.6743,0.45473547231506917,0.10119377016306103,0.036841808546623014,0.14503511003659406,0.7861503410964641,0
10,26,11.0,0.0,27.27272727272727,-27.27272727272727,0.7808030303030301,0.5618430039892279,0.08540426758856377,0.10106790079165777,0.12619260788223488,3.4434861552231872,0
17,18,8.0,0.0,0.0,0.0,1.655469387755102,0.06641695986131554,0.05084557909575147,0.045909097026877815,0.052881876605336504,34.93005725662271,1
