year_month,CPU_US,CPU_UK,CPU_DEU,CPU_FRA,CPU_ESP,CPU_ITA,CPU_IRL,CPU_AUS,CPU_CAN,CPU_NZL,CPU_MEX,CPU_EU_avg,CPU_pos_US,CPU_neg_US,CPU_pos_UK,CPU_neg_UK,CPU_pos_AUS,CPU_neg_AUS,CPU_pos_CAN,CPU_neg_CAN
1990-01,19.71770739909631,,,,,,,,,,,,45.8217214011796,11.2741643639314,,,,,,
1990-02,56.76932446954146,,,,,,,,,,,,0.0,34.8932925455737,,,,,,
1990-03,79.96535851076086,,,,,,,,,,,,196.837562771728,87.86796073454708,,,,,,
1990-04,82.39339450829424,,,,,,,,,,,,0.0,88.73704462364611,,,,,,
1990-05,51.64840516576788,,,,,,,,,,,,43.66330842247235,10.74309957755779,,,,,,
1990-06,38.76875629055086,,,,,,,,,,,,0.0,13.8544672612681,,,,,,
1990-07,37.06057490150587,,,,,,,,,,,,0.0,23.54493994235396,,,,,,
1990-08,116.305685985901,,,,,,,,,,,,0.0,100.3412004943238,,,,,,
1990-09,67.73208020142094,,,,,,,,,,,,56.21489003501542,69.15671111591821,,,,,,
1990-10,22.92985076677797,,,,,,,,,,,,0.0,0.0,,,,,,
1990-11,34.29617339556865,,,,,,,,,,,,99.62553395852196,73.53682557180561,,,,,,
1990-12,35.64428815596933,,,,,,,,,,,,0.0,43.67280730084298,,,,,,
1991-01,120.9623511009991,,,,,,,,,,,,0.0,49.89870016553338,,,,,,
1991-02,41.59793444384119,,,,,,,,,,,,35.80329400765451,35.23675750881464,,,,,,
1991-03,99.45829052822614,,,,,,,,,,,,113.7802879387399,9.331656314740512,,,,,,
1991-04,81.91824082887956,,,,,,,,,,,,441.9082143171198,47.56574084297996,,,,,,
1991-05,54.37190893265895,,,,,,,,,,,,135.0114812950122,27.90070978952719,,,,,,
1991-06,67.84232462117008,,,,,,,,,,,,126.3000881523353,53.71477618130994,,,,,,
1991-07,64.07628863213631,,,,,,,,,,,,140.6044141945204,41.2438153927145,,,,,,
1991-08,48.65162114718194,,,,,,,,,,,,78.82730305410652,37.45959827046259,,,,,,
1991-09,45.72787596997745,,,,,,,,,,,,32.55579045903045,69.85666678329798,,,,,,
1991-10,74.54965152538244,,,,,,,,,,,,36.16856835138752,125.3631397949519,,,,,,
1991-11,133.6472730480432,,,,,,,,,,,,459.0734028193828,124.5318091290867,,,,,,
1991-12,59.57951916394697,,,,,,,,,,,,71.67008029054871,45.46463464562156,,,,,,
1992-01,64.35378151809581,,,,,,,,,,,,39.69698841852496,57.75181197779784,,,,,,
1992-02,86.44358470415094,,,,,,,,,,,,264.1944704652624,125.2169992191611,,,,,,
1992-03,161.7941435332251,,,,,,,,,,,,189.6203827392997,297.4379589743277,,,,,,
1992-04,47.22452734770982,,,,,,,,,,,,69.70962593811173,47.59212905927853,,,,,,
1992-05,91.3893130225205,,,,,,,,,,,,155.0153536126809,98.03315540581688,,,,,,
1992-06,128.0764760534946,,,,,,,,,,,,34.49535530542882,91.76922474070815,,,,,,
1992-07,102.6338082955882,,,,,,,,,,,,144.1058565942611,152.0960529712417,,,,,,
1992-08,66.85965784869987,,,,,,,,,,,,45.83558120678188,89.14215493275435,,,,,,
1992-09,87.8079376163759,,,,,,,,,,,,110.7455926447947,109.8754109227026,,,,,,
1992-10,93.84948298825768,,,,,,,,,,,,71.80139251589382,126.7846175604411,,,,,,
1992-11,40.74552858050244,,,,,,,,,,,,34.18605842991068,72.42291186361413,,,,,,
1992-12,79.68333732419957,,,,,,,,,,,,216.4751901137883,77.40776932153983,,,,,,
1993-01,106.8364133241671,,,,,,,,,,,,44.07509249102071,75.44238367985048,,,,,,
1993-02,102.0385951837678,,,,,,,,,,,,145.5338792792237,101.0909716208284,,,,,,
1993-03,87.3818119509153,,,,,,,,,,,,162.8579484706367,56.17815527228672,,,,,,
1993-04,115.4393060006807,,,,,,,,,,,,70.11581935433797,34.64381850946031,,,,,,
1993-05,94.96944916369571,,,,,,,,,,,,137.045636744118,109.2736071102051,,,,,,
1993-06,120.6274473334177,,,,,,,,,,,,34.66102768082368,132.8427274406681,,,,,,
1993-07,64.0141470193688,,,,,,,,,,,,237.8281131257555,63.87505884990954,,,,,,
1993-08,108.197216153088,,,,,,,,,,,,251.8059687990139,155.4296883655984,,,,,,
1993-09,85.71758891394016,,,,,,,,,,,,204.4211009651266,47.79735176650664,,,,,,
1993-10,48.42820760054756,,,,,,,,,,,,41.36295368943627,39.7734266033505,,,,,,
1993-11,92.81833057354036,,,,,,,,,,,,245.9166089025218,66.46669550127785,,,,,,
1993-12,63.32825958190105,,,,,,,,,,,,77.18632214637206,55.89265359595374,,,,,,
1994-01,78.9499507842602,,,,,,,,,,,,35.51384734256627,45.77409044310286,,,,,,
1994-02,84.10600336087104,,,,,,,,,,,,0.0,0.0,,,,,,
1994-03,74.92747138205809,,,,,,,,,,,,37.21432622084752,27.76374965863875,,,,,,
1994-04,46.07166627188768,,,,,,,,,,,,0.0,10.16033562109912,,,,,,
1994-05,82.18095988935882,,,,,,,,,,,,163.3897689419533,101.312973677834,,,,,,
1994-06,79.52099383421891,,,,,,,,,,,,42.72705109834322,67.17174231418089,,,,,,
1994-07,11.8475556791961,,,,,,,,,,,,0.0,11.0449827083925,,,,,,
1994-08,62.40793614191187,,,,,,,,,,,,73.62863595525671,42.02660922057785,,,,,,
1994-09,113.9840893135659,,,,,,,,,,,,40.43093064809965,34.27683779891433,,,,,,
1994-10,45.00576622733244,,,,,,,,,,,,79.5709322089007,25.3314824960847,,,,,,
1994-11,47.40401180773132,,,,,,,,,,,,66.82334371005359,88.43266845227171,,,,,,
1994-12,131.0303982816459,,,,,,,,,,,,121.6335020340301,179.953518186451,,,,,,
1995-01,76.55561959196898,117.7569976347754,,,,,,,,,,,74.08754954324549,118.1087243037949,,,,,,
1995-02,66.75607635163365,136.7639184788082,,,,,,,,,,,119.5956555609573,44.68217585008441,,,,,,
1995-03,109.7504716787445,111.602663261997,,,,,,,,,,,187.5820603483815,43.57499109985755,,,,,,
1995-04,74.10409177950143,104.0305246987704,,,,,,,,,,,110.708061831379,57.00939630464855,,,,,,
1995-05,46.43877666509172,114.6975949242756,,,,,,,,,,,0.0,0.0,,,,,,
1995-06,49.7852183265328,82.17342976541164,,,,,,,,,,,0.0,68.03692422271241,,,,,,
1995-07,53.30309484473223,55.41952405254141,,,,,,,,,,,114.176545151908,40.96296238749805,,,,,,
1995-08,94.3878175113916,112.7634079752198,,,,,,,,,,,147.9315949629563,47.30730853415074,,,,,,
1995-09,75.97887397506227,74.95811619409515,,,,,,,,,,,37.400294536221,87.2826101398926,,,,,,
1995-10,54.2401703636642,101.6983560492638,,,,,,,,,,,0.0,77.4886542654625,,,,,,
1995-11,54.29812157260875,65.28471036327684,,,,,,,,,,,35.8668426303163,120.172234224743,,,,,,
1995-12,125.3301458196393,73.51374863846101,,,,,,,,,,,34.70269472423185,134.4600140523347,,,,,,
1996-01,94.0233545979996,101.0150475005646,,,,,,,,,,,53.84326975198563,73.8936435711719,216.1064250790565,6.86755344934055,,,,
1996-02,54.26952570526006,61.46800317808974,,,,,,,,,,,50.99010632833764,25.09162999996844,0.0,25.01631659413703,,,,
1996-03,38.73481973561786,80.79940835027637,,,,,,,,,,,0.0,17.72799760803579,0.0,164.2985192955995,,,,
1996-04,32.82089211963632,32.55274702265519,,,,,,,,,,,0.0,33.52960487393553,35.86834109732008,41.08170453779135,,,,
1996-05,50.1316772693934,73.51455070913461,,,,,,,,,,,0.0,40.23775978363452,89.29246366936778,119.228409717787,,,,
1996-06,99.4493682629703,63.9377079765643,,,,,,,,,,,0.0,67.93277134527659,133.7321551999082,76.81317091132318,,,,
1996-07,60.06652472456101,31.01529210152843,,,,,,,,,,,52.94047455572493,34.25972221499991,95.34048638512058,23.56833972863898,,,,
1996-08,94.31456923569272,55.47461503713659,,,,,,,,,,,51.70772553203737,161.1435466110499,52.05993437077308,0.0,,,,
1996-09,35.26353440766687,44.56076891287175,,,,,,,,,,,48.81009453603914,60.04717976441722,0.0,72.88429515304945,,,,
1996-10,12.71273240204893,55.9916861995798,,,,,,,,,,,0.0,0.0,151.3804652559832,20.11828218202951,,,,
1996-11,61.97129882011341,45.10341712866499,,,,,,,,,,,107.0311206727319,34.76153409807568,0.0,33.10495457501147,,,,
1996-12,87.03783683427112,55.21658313601579,,,,,,,,,,,107.1024747531803,60.3620641644716,0.0,118.2624598275357,,,,
1997-01,53.72020313199438,18.24567679260669,,,18.32950604768968,13.70339720953299,,17.33741256708819,,,,16.016451628611335,149.2214632386819,45.95905805580183,0.0,0.0,,,,
1997-02,79.55010193982154,55.57812913553981,,,16.48272930689336,54.27563091766881,,3.899168679395781,,,,35.37918011228109,78.7147626834326,83.95559017693257,0.0,26.4383483038268,,,,
1997-03,21.41655330282274,45.65939728807044,,,0.0,13.40495661694787,,27.15148840568961,,,,6.702478308473935,0.0,11.06835815782223,91.725744899906,34.31209459924413,,,,
1997-04,52.34511335216641,77.6409173816176,,,0.0,52.24495912246351,,34.26589264612514,,,,26.122479561231756,0.0,0.0,162.4758384008433,46.37339464177938,,,,
1997-05,59.25409465755109,48.02798661854423,,,15.48175384291198,26.10666805884348,,27.19293950081751,,,,20.79421095087773,0.0,87.15356410328407,96.65738304839344,17.22277770172107,,,,
1997-06,56.84010316610604,50.79985270106419,,,51.38039020128601,58.41661299118455,,11.90720709167506,,,,54.89850159623528,78.32673216316218,65.82317357465507,0.0,103.9179968562806,,,,
1997-07,73.75854476250555,50.6682681701815,,,16.91097047738755,78.96083029420467,,7.102422738846911,,,,47.93590038579611,143.7002062941735,64.14364644223491,85.08225389787333,40.26435778957757,,,,
1997-08,56.85861345455361,43.04351012173166,,,0.0,13.85116004864187,,14.65670126611827,,,,6.925580024320935,0.0,23.55795538731934,50.49078570838085,24.18178856606543,,,,
1997-09,49.86686137856022,65.36476532875773,,,39.75561480649003,60.24218958063059,,8.234407241436609,,,,49.99890219356031,46.31533151024572,22.79122844141071,197.0265593476175,63.6838979169794,,,,
1997-10,142.1189255921739,60.92791498704986,,,57.79492081318189,52.71101584969334,,31.92860665598091,,,,55.252968331437614,140.8637877466289,174.2530804695173,136.3437301211215,5.179071005253074,,,,
1997-11,133.2881736436281,92.4409930851978,,,13.7491890308288,13.16600908366894,,29.86960193197992,,,,13.45759905724887,395.2018884835864,42.60416867603895,187.9583065037027,82.5795505278803,,,,
1997-12,143.6182511624697,72.95733226297898,,,0.0,28.65618271945016,,33.2596839551531,,,,14.32809135972508,159.5920923417166,150.6443189960607,100.1375842537057,56.18810074972392,,,,
1998-01,17.42665839540961,44.99168712275725,,,0.0,35.3480322327894,,5.928306582482079,,0.0,,17.6740161163947,0.0,23.09540888653077,56.57346188520571,48.26452455383828,50.66288452888547,6.74767152973979,,
1998-02,65.88307337925852,35.44327359856879,,,0.0,62.31050636842101,,51.39832767711005,,77.69632368057604,,31.155253184210505,0.0,19.92094210219759,0.0,59.56597436909612,0.0,63.17094579076061,,
1998-03,53.64581713697108,77.46567686365641,,,0.0,50.67621972116639,,49.83684692568487,,46.27860362521888,,25.338109860583195,58.93082279941735,33.27101054923142,38.17181254393697,25.94809425101079,0.0,28.93196249096827,,
1998-04,52.93189958745992,49.85244494066403,,,0.0,35.04688538997997,,0.0,,78.4732606898158,,17.523442694989985,65.61885526353407,68.60762824170445,0.0,20.8661531866739,0.0,0.0,,
1998-05,73.9233670061525,37.90524990077455,,,56.22510275876104,75.2314367860001,,9.570551010466088,,112.3984377686955,,65.72826977238057,167.3256633919558,60.21820039242956,0.0,23.07153638292717,0.0,7.926536145285421,,
1998-06,46.41023304306351,48.65620614024589,,,99.699499018821,37.51446568489447,,11.49735327082574,,119.4086951704061,,68.60698235185774,197.3632827147058,35.23884339473393,57.21261244696225,26.42274908388739,0.0,15.21201897349486,,
1998-07,22.39954794048118,72.89686406990636,,,49.76037073238125,97.05863647553056,,38.91330011260234,,84.53842616145974,,73.4095036039559,0.0,40.26101988157595,153.6104352092675,47.9593884646066,41.43904667767982,19.29700062809389,,
1998-08,62.89289502295393,26.02798525731248,,,62.02822452616171,131.7323653918368,,58.07901647901453,,37.71553963206571,,96.88029495899926,0.0,60.54800548952743,0.0,7.133593024751447,0.0,24.20573800821646,,
1998-09,80.82963268602033,50.53610034257186,,,0.0,50.68810754705088,,5.842355443012295,,114.7508662033159,,25.34405377352544,57.18455510112609,130.7901892334916,148.9365921813066,42.33484856625592,0.0,12.98293266636484,,
1998-10,85.0929274763543,31.66469273258515,,,0.0,69.43673566506651,,25.13789192735996,,79.41488518197734,,34.718367832533254,57.2434172268092,72.38055769105628,0.0,39.69512992242336,0.0,87.76903121859877,,
1998-11,56.36975879590459,89.91025303182889,,,0.0,103.0383030534127,,21.00911317308087,,0.0,,51.51915152670635,62.20579399982677,24.55232356897859,45.91147660456969,104.9314001034948,51.11975057166271,19.63074324903963,,
1998-12,62.23881599903836,14.81835319357236,,,147.5635097230653,22.41552680181023,,34.73222862975493,,208.3180713214009,,84.98951826243777,113.2161466735522,82.56877494472214,0.0,48.63591155903633,228.5906778963655,51.39296186972496,,
1999-01,49.08035185092726,26.23464484007067,,,0.0,113.0206977285412,,6.043936909713778,,29.7593326203983,,56.5103488642706,127.773500714007,52.50251743146752,92.71892863154766,34.68361749275354,0.0,0.0,,
1999-02,70.89070493804321,50.3893307773119,,,9.662648639795982,0.0,,35.75069065027549,,107.7132206009215,,4.831324319897991,114.5072787810196,95.53438976816116,102.8110837385202,36.15190692993746,0.0,4.397004341891548,,
1999-03,40.07160520627562,29.13449001255461,,,33.29777454245791,36.18871352697165,,11.45827803096035,,154.5856163325255,,34.74324403471478,0.0,80.31104536630248,97.84906932263316,33.37184200441153,0.0,16.27233341099018,,
1999-04,69.57601640938255,28.20596054711925,,,53.16569469650939,45.59340182677949,,10.94919227507104,,247.258447313286,,49.379548261644445,64.60159570946358,0.0,100.2146843339749,8.838665182200442,0.0,5.275293052366222,,
1999-05,116.0597631961113,27.03118140362487,,,64.56622813768628,89.59036650843298,,49.33174300786617,,126.2361185898191,,77.07829732305963,249.483635240941,136.0127934430753,0.0,16.89177846111831,111.955461708616,46.55449670491868,,
1999-06,47.55563696765384,38.4767372502112,,,62.05584991097971,103.7950595578322,,21.24609031261781,,79.48370224019395,,82.92545473440596,106.9598616043745,38.88702830935233,0.0,38.3254845769962,0.0,27.3486623735415,,
1999-07,95.92961455917302,31.71630031848738,,,176.3324723904215,0.0,,6.140207535492371,,58.62699984393074,,88.16623619521074,0.0,22.5230351819279,0.0,0.0,0.0,4.398633402675517,,
1999-08,121.3195773921064,40.75225570049059,,,0.0,48.69307685826636,,11.27775159446113,,93.54626867527594,,24.34653842913318,64.95460989366829,112.7862691927079,0.0,17.02407770500959,0.0,18.83096937737938,,
1999-09,132.819048726135,46.09530135788494,,,0.0,23.7210151615842,,37.95041596025069,,0.0,,11.8605075807921,0.0,85.64211800610806,136.3006925034916,7.531769367087944,32.42331541889692,29.07098390389327,,
1999-10,52.32506440056406,54.24636262706665,,,86.67508189887704,59.44007577147003,,36.67915288721108,,199.3582384288548,,73.05757883517353,0.0,55.41138260485959,78.91283619071577,14.75956779323615,0.0,43.94869566020519,,
1999-11,81.72870748014442,38.11462393432119,,,17.57147937598741,141.4348234657898,,24.78854425068876,,75.7247331999693,,79.5031514208886,0.0,23.25220052866608,0.0,72.0480617284393,0.0,36.8948001930644,,
1999-12,71.53982647313359,17.12003396615209,,,0.0,90.3502274732511,,35.16979429197064,,99.76931632581218,,45.17511373662555,113.6842708181165,72.10629763942134,0.0,28.27314575432899,0.0,40.23608126265157,,
2000-01,144.0945557005797,26.09944236558474,,21.8145908017704,45.32433180939977,83.47811323912494,,29.11699057209696,,35.15644909226167,,50.205678616765034,169.3999458066204,199.8907071128963,0.0,6.629026959964353,0.0,5.215976313349956,,
2000-02,61.01177908123316,34.12689280568094,,7.451416853349108,82.34473928705573,132.5986093873192,,78.59524139536884,,94.31969246925244,,74.13158850924134,0.0,53.4555491347378,0.0,30.7203994094665,61.07731985175086,82.78267852850837,,
2000-03,49.16624483057357,44.71563889934863,,4.324502033019431,34.84224654141396,10.22655741909073,,32.91243765136548,,0.0,,16.464435331174705,46.01999348194079,11.32294804029548,0.0,70.04177211834705,64.95482318034111,19.39715357730857,,
2000-04,104.1151709218123,49.49900696530742,,5.429741352636079,57.91531894793701,122.602049020661,,32.65631768878314,,96.30662595908332,,61.98236977374469,0.0,100.8161372322517,92.99716491352288,33.96529547533646,0.0,37.32579080479762,,
2000-05,91.30007203731336,31.98709904936067,,233.0932767330406,102.9751315245258,34.5296859544176,,53.60653049864802,,154.2961933595659,,123.53269807066131,74.82706666500722,82.74293104987277,77.05051050535425,36.93379712715797,0.0,62.51806970535073,,
2000-06,143.5342442138274,19.90779694411939,,22.9273717806628,11.53107636396309,68.70369975799156,,56.86139823732674,,101.7201573310505,,34.387382634205814,156.2845557720066,200.1014665007671,135.161058835516,24.11905260912204,365.575720080256,100.3797673478966,,
2000-07,113.9849282402518,13.41673719019792,,19.82211673921914,48.29036399935924,74.33357009314724,,35.59934104630554,,88.53686523666393,,47.48201694390855,400.886307032799,118.4711976726462,0.0,14.76439060482439,159.8197536139844,15.08565307806889,,
2000-08,80.5490955682094,25.98926220230963,,28.11014881188635,67.1679310342759,120.4173523728906,,54.27855880147464,,98.0054302313258,,71.89847740635095,0.0,87.85459881876189,0.0,51.27817583311604,0.0,61.71869568395371,,
2000-09,72.90950589191917,59.88477032694362,,35.93753434408922,123.4979511238334,59.69766726032374,,22.45786202015773,,0.0,,73.04438424274879,0.0,89.11555859295166,0.0,91.50102805767762,0.0,23.23353366489248,,
2000-10,98.11652177132586,40.76436150557711,,18.85899141965847,93.82496320273368,126.1465433603955,,19.49125034125911,,66.08299296392404,,79.61016599426254,0.0,81.00997226917582,0.0,48.23154363251565,188.7897830333759,11.61497762095216,,
2000-11,89.82158448554945,71.73954227424785,,56.63893998064121,43.03596591160634,113.5958152706412,,38.3554567519779,,111.9026908198615,,71.09024038762958,0.0,94.78808882687264,104.9886704995804,50.64716019225656,141.6831807513502,55.57126826946417,,
2000-12,125.2217889428305,38.03115703271116,,59.16425508746225,94.62492081413114,56.39621300351984,,28.95455738990838,,0.0,,70.06179630170442,195.9893562496745,156.061200912045,0.0,26.83630058595443,74.41464404738127,35.38506881573267,,
2001-01,229.2664790805768,33.98402120275751,,16.51245400703466,141.3085064198706,145.877605721394,,29.78474853503228,,272.3874058738406,,101.23285538276643,142.6131488058327,287.0561052872398,0.0,6.05718823626813,85.93785124924706,10.90450504493066,0.0,142.7914863055815
2001-02,81.05351432128303,14.08361833901085,,17.13093666141029,85.84097483266619,113.477391933874,,60.24696360907253,,77.33911668227978,,72.14976780931683,78.17167945036829,55.74813422530757,0.0,14.53567949235532,30.297570162694,8.06490550784973,91.59292747227576,79.05417700305503
2001-03,44.17199992399954,36.47826366554588,,38.127327915263,74.45905924367815,188.4359643534407,,17.82556200409877,,29.68877943732481,,100.34078383746062,76.0247522118894,37.41088400672494,0.0,45.31162300301723,187.7041876851045,3.583189862531341,73.41972757698295,118.308952692542
2001-04,126.0461950028324,79.18951390231342,,201.7128524515585,48.11025872737885,88.79768276763215,,36.06594343504016,,147.4665472430608,,112.87359798218984,292.5685339440432,215.7016418763147,0.0,93.66934845023134,173.7762277033258,9.864828800231894,47.68334100343781,110.1910795425049
2001-05,310.2353004867809,69.86707693517236,,21.80479275602037,89.56740341842877,193.8423847441541,,30.42127155622444,,136.4943339065235,,101.73819363953442,727.9481190526433,251.4862567455676,69.042452797033,74.94896149191233,77.23144595635459,22.87443242383969,0.0,98.04104794856995
2001-06,80.25724133883698,40.37249883484687,,34.18741199950581,15.47487918620739,106.6650323613974,,14.50119117116945,,29.61855999683918,,52.10910784903687,117.6973118218945,16.03487424097619,45.34852934375073,40.68575703022667,0.0,11.9577500128931,0.0,25.18704329648034
2001-07,127.9210739096281,44.8132225340699,,18.89873231488672,88.56312627379667,130.0023366208488,,40.96468521663554,,30.67792054547674,,79.15473173651073,129.6369115548711,131.7556384672652,0.0,72.18607785658786,31.46743707342629,66.26641980163203,0.0,31.22149272301936
2001-08,140.6228848851126,39.69508902258066,,33.64085511442264,12.10309436434733,138.8578480590294,,30.47473199531704,,0.0,,61.53393251259979,0.0,95.02700832610262,0.0,39.14196339917535,0.0,26.64386960475098,0.0,14.13552560195763
2001-09,113.6791777743614,63.81999152107561,,63.68908252345427,125.9948589056301,113.6676271722627,,45.23057490758833,,0.0,,101.11718953378237,0.0,89.83659125072784,0.0,97.20376190029448,30.99081137492451,15.16087719217119,132.3992629276281,38.11361415577304
2001-10,73.02404339508371,77.93203638511545,,47.86909295980892,24.1299209348035,160.0829820683004,,45.25070110785012,,0.0,,77.36066532097094,84.38843677669976,114.1287682209402,90.89303911520015,62.79206317323541,0.0,89.62362052851611,0.0,112.7782591668466
2001-11,101.5431603461096,46.94055839861772,,27.60676229929699,17.61315282026195,175.9079740109321,,34.40947756616437,,0.0,,73.70929637683035,54.4219892038518,86.65522630069891,0.0,43.55814135260191,71.78598677789061,40.97848242407792,38.89766405121151,40.70753562814302
2001-12,84.69289302114107,40.37903482469894,,12.16227131589468,33.5481875233605,120.8549230202976,,29.84432726868159,,70.44868846788312,,55.521793953184265,0.0,106.9543747394653,0.0,0.0,0.0,27.18530066182443,304.0591844937398,24.45998302170955
2002-01,127.2284965401978,26.51592503756952,,25.96606362798912,12.57412355944555,165.9560470337637,,34.14393754091417,,0.0,,68.16541140706612,98.15700900124808,160.9765939590646,97.86378346839597,17.92296003763635,44.65558762745935,74.15506616563806,0.0,226.9834222838888
2002-02,87.20681711756724,33.82055015096623,,14.53588219866029,53.04798510136138,172.8980027356886,,26.63591377588479,,111.1032234886237,,80.16062334523676,0.0,64.72834869350089,0.0,0.0,83.26917478495044,11.75120142932676,0.0,80.1149411364579
2002-03,99.38780394622854,40.81816348630053,,42.59615140328366,69.52999051021045,129.1192699430815,,21.26614336671803,,32.24183101612669,,80.4151372855252,132.7162691312242,54.9484043052808,0.0,40.88913899380216,0.0,25.70529091862906,51.46687343419474,76.0086178360995
2002-04,114.5970684884203,54.17131234430391,,54.82516432900389,23.4675248573463,207.5583115743091,,9.899881821850745,,29.04157506183582,,95.28366692021977,99.1182955878985,99.31927857487388,0.0,42.68850468386124,0.0,3.854406562460933,29.37623631635819,64.97029179406222
2002-05,89.64934530088688,47.86988850549442,,29.35181003218414,102.014310349367,141.3839907114936,,17.96831953244496,,0.0,,90.91670369768157,115.5778309611247,103.4167880789439,0.0,66.19196046695873,115.3036977386607,37.33645232952791,21.30155175687177,55.1954019511067
2002-06,84.87542666995546,26.73320479238562,,24.6571714267923,55.12176422367865,126.9728533566906,,25.47502290781315,,63.76133995246234,,68.91726300238719,145.4588415738415,69.56254494268435,97.20852919439191,15.13016228599361,0.0,59.7227458780101,30.08418105593448,67.16224093606601
2002-07,89.61162426162046,57.56738909259133,,27.27279230536472,14.89981704903724,174.4770456573043,,14.12574051795835,,98.62816385503636,,72.21655167056876,195.17150200473,70.51275646218775,122.0291652591966,31.54962364002229,28.04447001936155,17.27981857306587,0.0,95.52259156444296
2002-08,55.74925634817813,30.36468544699689,,27.17900566464751,32.88266647514455,96.90473461193488,,49.96500887942383,,94.15584335837298,,52.32213558390898,55.03724293585835,59.10684480057059,0.0,28.62926888341924,0.0,34.01317055396379,35.60772007197787,58.56684612061969
2002-09,65.35112997511551,63.20621069644379,,46.43951945322845,72.42032314688913,191.1658907737455,,29.58671797209444,,0.0,,103.34191112462103,83.42275297617844,51.85893710208073,0.0,77.30071813688784,0.0,54.29788104993467,41.50705855165385,53.20498497381077
2002-10,87.4127738907727,48.41938095511273,,27.28734999755754,71.17693310975989,86.25391985370402,,23.57666006803587,,109.9914637234482,,61.57273432034049,0.0,85.87423248839046,0.0,42.94815412979491,0.0,45.38720538037074,0.0,60.22605268162243
2002-11,103.4212947163716,55.91113170336261,,26.53072045778391,22.2391584026097,100.9906554708827,,16.1268255430024,,34.44393255170252,,49.92017811042544,204.2129864993604,90.95497912455572,122.3442435429169,75.19904505453223,0.0,13.16196914939131,58.86448778668369,84.30142639513215
2002-12,73.25339081636031,72.69189402079918,,20.22124084174496,100.0101245057056,105.2551978406372,,24.27187982199874,,16.81161883892665,,75.16218772936259,83.55845776232155,45.32183691880851,0.0,57.34482697866983,77.23144595635459,23.04217369359866,231.1885337680276,58.08001569865161
2003-01,63.29410512940155,65.48322827806568,,42.64480615623754,78.04933952978936,141.5566154390711,,45.42236482683977,,40.03674918602524,,87.41692037503266,67.86665967701144,74.2511007352048,85.29394807407773,64.33775545357427,137.6989362326997,23.48711781971583,0.0,87.29844635533992
2003-02,68.73208821076408,54.1168675960511,,61.99712071715273,182.5087709646456,92.31593314594278,,24.82896816948945,,73.77985801333588,,112.27394160924705,130.7854885433354,51.21507780295075,0.0,103.803056861062,0.0,46.17822158941514,0.0,11.56658514465956
2003-03,96.98632699778368,57.17183902540231,,52.45752848329923,105.8193762205803,127.6470570744527,,24.63681109573903,,101.9553963845168,,95.30798725944408,64.81582731450482,89.42031869808707,0.0,39.48699710968484,42.50739127822563,24.06940290921919,0.0,124.789754916144
2003-04,68.69396953761039,74.01695864423316,,57.61015026178398,93.85053988417896,150.0254869269523,,40.45000977987076,,210.1429476654463,,100.49539235763841,23.97648212852421,86.38464224683113,0.0,132.7601322262428,0.0,4.166533514114295,0.0,34.85089287000742
2003-05,60.96547063751706,62.408757565309,,12.76235604255824,23.0923171233539,197.7727288363221,,61.1938712021958,,31.58546569737735,,77.87580066741141,0.0,68.44364434778805,40.83943020135165,46.23939241388883,564.5792749358116,92.74136130156958,26.99992958371004,81.39493084490705
2003-06,87.7098382929998,55.65336581464462,,8.809295006778884,16.64414885396849,190.66323981144,,29.71795208321613,,0.0,,72.03889455739579,151.2741481816573,86.8906779297441,227.3599765225552,58.70980816497457,45.97925685799427,46.65659473694377,0.0,19.83887338910621
2003-07,78.67928759447585,42.46582533715708,,32.42521789845794,90.01242834273295,99.1860755476358,,47.73479395776002,,254.0266944214792,,73.8745739296089,97.06018503349831,39.83992742188717,0.0,30.64909741069311,0.0,33.76881784816509,0.0,4.963969330645843
2003-08,133.1734193174213,45.76480999507925,,5.458613703989067,47.95734897724694,191.0217605182984,,59.96546412245335,,215.1671334478283,,81.47924106651148,65.33110422147683,155.7321640314782,140.9255435393748,29.84549573269826,0.0,14.08208295327818,0.0,153.4993972156885
2003-09,95.70850818390252,30.15521912050848,,39.59144371029247,59.03105870241171,349.7995793735316,,15.37361468058213,,173.6101627852741,,149.4740272620786,149.0628481851217,128.1636619869767,0.0,27.24919534157568,0.0,10.56842384731528,0.0,96.86707213064317
2003-10,75.43170588138895,24.33241093109736,,14.53992786937178,85.51067343269493,129.3372750929879,,54.92351309671193,,70.30469523647201,,76.4626254650182,72.78506323812911,98.52429595273864,39.28689352412279,40.14134858169774,24.74282257765942,88.60063534781094,143.3009705872431,19.85173977478012
2003-11,117.2676416202832,64.66166501211688,,23.04364957460159,45.08377122830834,91.69604767100552,,16.89056429861251,,50.01319104971855,,53.274489491305154,0.0,128.5751171057582,106.4606837992529,57.23142049978738,0.0,25.88270590284616,17.82873654483229,4.174638896729104
2003-12,89.00710581425128,69.39843505682963,,30.79240095941717,21.48310786067,96.34912406844266,,26.86081800083267,,66.5041272791482,,49.54154429617662,149.9049242055675,79.86685574458679,0.0,65.4977940972681,0.0,9.622751212472076,22.28457855995147,58.37593275108819
2004-01,88.74587699556228,43.64110711875873,,11.45648048012049,64.3127293534442,86.30591102315839,116.2959518090007,41.78202176647842,33.75207471373439,58.91084931611036,,69.59276816643094,81.27372403883017,60.70722826425538,112.2992542785744,83.85322205613434,0.0,23.67009555753405,16.8504292799633,19.89491019866616
2004-02,86.61141805593029,22.59908575512806,,32.32375391356037,125.563558464175,92.62692978445364,115.1968389991758,9.938515879237636,40.53962569865261,57.07715208142027,,91.4277702903412,117.5865009093672,62.45277267834479,114.1327487584076,21.14086906459032,0.0,0.0,252.8016485765583,45.30699833863778
2004-03,55.51796119421132,64.78144738102371,,25.34564196673749,84.58572736725651,129.565241765893,53.40172070180189,37.64013132809249,30.57295377237096,261.0037994700352,,73.22458295042222,47.71512641428154,43.45866076230269,215.7558735765464,55.57651172228073,0.0,14.4701423457416,0.0,22.89923769976323
2004-04,72.00949304833382,42.66110421824003,,4.03425669060442,48.62118859790903,250.4512813461316,0.0,31.64200536497103,21.98139286629605,240.6792731158955,,75.77668165866126,54.20165726375523,87.97242599590443,52.91863360622104,0.0,0.0,0.0,13.81364296382284,59.9300007132919
2004-05,83.81986206525725,57.58889169588253,,115.5181191131538,128.882147179296,68.32404003288086,121.9272032339968,34.32986064314079,28.53358958019015,110.7686387238306,,108.66287738983186,180.374676792407,102.2254487858021,0.0,67.41179807063209,72.56812545266773,40.15077680388336,0.0,18.57700188529308
2004-06,77.57080179013593,85.37054047148456,,93.70420424549548,57.25681149852175,60.49819654857627,87.72810964397331,34.39496834657766,51.08316103700816,65.89271758662132,,74.79683048414171,107.5618654831979,92.11775673897142,232.1985014501732,66.68452058512679,0.0,10.67399910008041,12.86828004541174,71.41426682032592
2004-07,68.86313305341956,67.74324598580436,,57.16718539250581,60.23735145016589,136.6327246538315,0.0,22.22953331740788,20.06937785856065,58.21766684545666,,63.5093153741258,81.2228845935859,64.12874331790526,207.6705087592215,53.0226478422518,53.10473625397088,14.08523586664094,13.38491657343084,57.27474197841489
2004-08,111.3576767483471,53.69494306922086,,109.8844607203707,90.40647334799918,126.6060468227675,0.0,44.10242504265579,42.7225126961963,152.5921843646476,,81.72424522278435,37.884100371054,123.8496337718218,0.0,85.87822431795206,67.04702165484449,72.1994702621716,0.0,55.0346509141523
2004-09,67.13800699660784,64.24207635065643,,84.78064564918304,69.90607270662582,100.0268858630585,137.459331034506,43.74825516974371,38.98835185584202,0.0,,98.04323381334333,0.0,49.6579179086774,111.6595088235537,108.9867925551999,0.0,49.48183321338123,40.28861769780687,16.3444922041759
2004-10,88.91658867244169,75.39991665813001,,109.7210394172581,113.7045450666105,163.2317321364562,122.1012981248581,61.76664493252903,42.82878663398792,28.66924717642766,,127.18965368629571,0.0,86.9143074025383,251.6365109737887,41.58001373970389,24.18844329820715,38.10394760505478,76.77148224034441,61.20465991867885
2004-11,97.75061066675148,70.7743820881757,,72.27276462740882,93.89392157798812,124.8752413059703,44.60224529286155,28.971401668803,38.69136429335818,57.02516924710203,,83.9110432010572,207.5746800824095,115.9474997767358,379.7992197367446,66.43422536538807,30.04201427566096,24.31915726441821,0.0,60.51687088096983
2004-12,65.56654406054442,122.4305032343433,,53.14753106652385,40.81225384400089,215.9902018524182,0.0,22.64143083469036,31.64734822315485,59.33862374392765,,77.48749669073574,141.5125369185866,64.3093307329262,131.6256719340013,69.75600264235499,35.73484306076596,4.613200885732859,16.37614741494043,33.53423576296458
2005-01,62.81378322109342,72.83669739554338,9.98018105348531,95.36936947408154,37.34871445853868,57.74566424829324,51.33122827282434,25.24266480007184,36.17514567235297,0.0,154.7699486043261,50.35503150144462,25.53937076273026,69.2949548543207,121.451486547075,67.38824211109507,43.00167697459049,14.49737440502004,45.15872841846382,13.80314100843402
2005-02,94.7810575396376,96.940211732557,88.34054822278065,77.21696197170851,41.22468905290309,156.6325878315592,103.0482341118857,39.33386571514855,35.75282929375249,31.46413860970756,69.98861143364132,93.29260423816743,84.14623478221162,124.9765385345035,174.6757209012035,126.2431811053066,0.0,43.1437006635928,40.06369309080438,31.42495337180579
2005-03,66.08845339554884,46.34817541286206,37.18042968920181,112.8076720079456,34.35109213385866,108.5455358544987,44.28842122747641,18.62584863206361,34.79789332891993,43.74067352655404,112.4813196715633,67.43463018259624,73.71016052324114,49.65441877384341,128.7004359678702,34.4441873077571,58.24458092819592,14.60526006453994,0.0,28.72278643211435
2005-04,79.29498569595799,110.9829112181708,32.67108113873994,63.06494755406069,33.34886504383341,79.58025203480074,0.0,33.14882142669248,82.69788538995526,22.070306156204,281.670604681739,41.73302915428696,75.43176795169856,71.10904115252356,323.659686762499,126.8439891799072,67.83715051236841,13.96698752339269,54.90998266630113,67.18352087738258
2005-05,65.0209937103459,101.6104347784758,176.1937006019125,47.30277740049142,79.7290329432392,126.2303816160637,0.0,29.92148503268247,16.06599354569627,72.98129778761162,96.57951139656392,85.89117851234137,25.13535811789611,77.87629729095224,100.13933657854,106.3352656535789,0.0,16.29529052741451,13.10230957396764,22.52156696018451
2005-06,117.9884846510919,138.1785982757041,134.4381908604109,52.63806004541544,94.3796345285362,51.56516201101716,0.0,29.84768968669117,22.85381079157441,101.4634819437131,22.76014870500341,66.60420948907594,151.4172593117535,110.4612587426388,207.1677708776076,140.9308992507461,0.0,29.57936794665413,40.33880292927049,0.0
2005-07,121.98482570239,85.84295345684306,44.19130492919408,72.7146030686247,32.30440428288309,87.11045022607176,59.31205528344015,15.66352282527426,39.58177767273929,22.05969032832704,69.5709035727748,59.126563558042754,52.4669210090694,87.26457989930384,79.26124348814848,77.48007428527565,26.84790565036605,9.683181554823976,58.92692090415023,50.54999713047341
2005-08,85.41665655029111,90.04756886183938,40.41551759619797,57.03494305037017,22.97075665135231,52.18115010862272,64.31153887055004,29.86225700872435,48.41523953545609,110.3039889957643,180.1782251898371,47.382781255418635,173.6224809414011,71.0426416484391,31.68266921944561,79.60624832824016,0.0,43.45888866738914,16.57419273439013,53.39436432785953
2005-09,94.85652461684997,85.16783416821056,176.7569102571634,109.4116857015877,196.1046129111666,89.67846381312197,70.42639496507273,26.01478107177209,39.38338779006857,212.7935736601294,327.1129086490632,128.47561352962248,162.0212432863856,73.88067917517931,86.73920032565474,125.4043960601165,28.0362937890352,23.55950816787909,28.42069347393538,33.48131738824229
2005-10,97.78916273391708,75.68995107410935,96.15956505373808,60.55928191608243,92.72181788240134,55.18304570537887,31.32355213392437,27.67736540202091,50.64312325821392,240.2883850558226,103.8398071462012,67.189452538305,68.45483211716888,96.16073892345678,84.36974203908294,104.094005577507,148.4552563715501,10.71905636144401,53.32090032083648,82.7045182940903
2005-11,63.6796667034987,106.6873942905772,174.7345129661848,62.68684695586516,87.6318028421926,99.62685041635382,27.17076207784288,31.0840919733821,45.87826096558123,56.57258971508608,44.70328894888102,90.37015505168785,53.03853157139998,49.89584774249849,154.7377291632047,129.6582788068023,98.2666544133992,43.57624855492394,156.2094926886237,45.99292175048367
2005-12,82.2215015212323,87.5967195573348,5.575402697174332,24.83381476657854,57.20410867796306,94.70194398391398,105.7044755538977,51.63049813341464,43.91145167231774,85.10646988904305,131.3599558782743,57.60394913590552,0.0,46.59750593241488,88.57116751473998,90.14585821454745,0.0,21.63607465110473,25.71544146930476,49.53183492441056
2006-01,83.80423626922011,72.13398744038206,161.1510170485261,42.68333544223935,118.5935920487017,58.2482992357041,24.46838432246875,32.70528476396186,55.21824555947136,35.53554814603747,53.31424108557677,81.028925619528,53.49773963695322,61.08923342136965,0.0,89.83046248212227,0.0,55.65086858096837,125.2802489882232,76.24731958956617
2006-02,76.24406650882372,111.740687368326,61.3897372691217,49.34187671271565,99.88916716958774,42.32677554741669,21.87486313450941,37.85939162610627,23.31288308497006,34.84342561676017,41.96741531553381,54.964483966670244,57.2536393905098,52.93731874880243,252.8023072353239,50.6789259864538,29.7815074934626,53.23178881038068,116.8034331595452,14.55181334212039
2006-03,66.46016632316034,65.12059194913579,61.68578935743137,83.27088103046883,112.8506719069947,79.55619868048915,0.0,24.66897542630841,36.47286050131176,52.00261247066007,95.6874370159717,67.47270819507682,138.9793240712878,63.58214243519597,73.24638830217592,71.86939267978825,0.0,27.43534569333766,36.84570241866199,32.95404757152023
2006-04,87.9095597142641,83.78919986049293,99.26878792510384,85.72824059092027,127.403240403928,119.6672685801091,155.2685824592905,60.46726278921513,74.59291959039864,165.9050776768015,83.28391193993576,117.46722399187036,75.45213865710606,82.63826527894528,309.1755387307279,72.64133758119675,40.81166105462169,35.17394649279123,16.38484887477834,73.14839938088986
2006-05,112.3591002485629,110.0813008379414,34.00736479216416,109.128271493609,85.77786527375757,60.23098101880582,66.7653665185229,20.86257016352566,75.53499574291183,94.28889734670273,86.72206613174555,71.1819698193719,50.90341403738685,95.06688566726092,72.06235048244196,147.4648094666764,25.07555002063529,12.30454063451347,111.8885374813568,67.76600683431744
2006-06,80.90524582438294,103.6513198952211,63.35193622450284,102.6527250183149,157.5427962686651,57.81093829268191,107.1543868846059,24.26110043934897,39.44985002230528,151.7239404167859,50.15168696137709,97.70255653775413,0.0,66.33035487191486,164.4577060704047,75.78495723044406,29.38114503403322,6.92582547371074,22.95304053021929,41.79607927657991
2006-07,76.85743702012408,106.2773451053673,39.67765523036747,85.39875019582153,148.1561853886846,50.74140097607261,96.82397027910464,47.49033562333156,32.87897605236427,166.6406412888732,104.9935078367443,84.15959241401018,50.63055119502856,75.43373229989778,331.8071490872192,96.79606222253112,108.5905169265059,26.29945928650025,75.69508581118832,24.11216504114676
2006-08,88.82639656017587,57.33521127271511,17.28280521342093,86.08190720556473,222.7325629735951,61.95209539129141,0.0,68.10106250993167,51.06308308478734,76.50870645675577,53.82564816816464,77.60987415677444,51.18272962610109,80.78361321659717,0.0,64.25664768072755,52.47721020266889,39.40299613612927,115.3468975890652,22.70552112013056
2006-09,60.50618832955426,131.063441010844,18.62044887230218,56.96421335192793,67.83919223749297,49.12068130204698,126.4954013312192,49.43905585034144,40.23025087590921,23.62807634857904,33.69993804604285,63.80798741899785,26.01121601302392,59.7392506276566,242.7759360134165,132.4423948369994,121.4566214262543,27.8450216445898,50.22589897838466,42.26266040126957
2006-10,100.7873540320932,163.9192841748607,4.931932404884126,72.44550544641324,117.5541039374218,78.49819879290033,134.5227852299579,29.9571129512486,96.70863538473624,145.1101537860798,47.22510185272029,81.59050516231548,22.13294538655006,116.1979946697679,171.5112345374929,269.2438855856792,0.0,9.438411217676745,278.3464433993937,108.8037756850115
2006-11,95.83268586439551,136.2078459563277,48.98080351348682,78.49891522232392,113.7971907207945,127.6720976213159,39.21801786264851,106.0495248120381,84.9597604730455,76.11500600219009,137.0435879662996,81.63340498811392,47.51130272178141,78.50784767281415,121.0191928285115,150.8592688536013,0.0,63.3979205785807,187.710400041393,57.42686204000368
2006-12,90.68512691358592,124.9031236410591,49.56500981892351,123.0187614820162,123.4754915908782,58.2086265051458,115.0204087154881,34.6459982986429,63.03639550441748,378.7808683217966,108.7838218798845,93.85765962249036,21.95261177394917,106.2816845130602,96.99981316503953,183.7661209759241,29.26490800255348,45.90425705179511,52.93935541693066,67.66021455758377
2007-01,187.4992968390993,109.6535395026201,55.35691376836921,166.1280973960995,196.4020792251066,113.3222790779186,83.6824843134868,89.11905683890927,86.4011465947908,136.1684099273827,83.12405892096977,122.97837075619614,134.0782807328483,146.3301267006186,166.1884984843803,118.1348591876214,236.5808480007591,49.94337273248801,108.4781373570206,43.10906804499017
2007-02,99.17296292242932,101.9107077186214,126.8273912852133,78.66221475627391,90.4780581743918,95.67272558645546,143.2524133954798,108.7146242862671,72.22095038026278,167.0427835486522,90.8867988631979,106.97856063956286,52.731919205434,63.36194060430227,0.0,117.4888511186088,219.2583391984419,95.47540375239552,154.3000283245786,79.12128948439842
2007-03,97.34158676505636,104.6932059264599,134.3507286137952,88.50095926153924,147.8761715647892,121.2729461891357,114.0816530796178,59.8501204927708,85.27771482077407,127.0449752690238,55.46155660333745,121.21649174177544,129.4684759032786,106.9722702839507,148.333692656752,95.361016199541,25.00376695173966,46.7062264633058,111.3696819168035,109.3091267436428
2007-04,125.7575816265582,92.89406835031296,49.84169529264403,99.716676613682,74.82560298503797,104.5003582350401,156.7038888334261,82.60645608489152,76.54201863350173,155.5234025237135,106.9079513649622,97.11764439196604,145.8861092520167,153.881146023095,168.1541736245684,99.89103070195604,185.4503940258652,25.50098018654329,119.7541408108063,93.2565699493358
2007-05,106.7141828920145,175.7742037372691,48.40239412164046,107.2231327385018,125.18691465436,78.02144775956212,86.01758979169546,91.67385555348936,62.82079981837423,79.72751345996811,0.0,88.97029581315198,138.0813757573156,94.7132710253922,82.56713525308719,107.4032827552273,159.5916065336308,40.76146821227377,19.72273817465834,36.92250159510257
2007-06,129.4854977797719,87.40851641484085,70.70359088853739,46.93270494704077,93.72052228857068,132.9127237016408,149.693834809472,127.4576829020806,62.62238058300956,133.1909860385051,0.0,98.79267532705232,242.1271598605319,145.6790574337119,80.4009955686809,84.56651112179031,174.5876689950539,84.93338514791512,45.83341508537956,9.42229845699226
2007-07,92.51799424140728,74.28859282669416,76.67401702264921,64.83799195401063,27.61614058935686,92.06012761260769,55.79187341914184,123.9728366552796,36.21174266300876,126.6269272362881,17.50364708150565,63.396030119553245,146.5250782446718,104.9063911830328,26.54736550918126,75.56193257987056,97.84508256302207,105.3699865438365,33.03431272374498,27.28831829341877
2007-08,100.05524891344,84.79924792751002,63.39344966309229,33.21753845851227,75.26396497458502,36.83341033654159,21.51043781958167,75.31281023151625,51.94522371949928,112.0043555552374,61.87807117027568,46.04376025046257,63.538557188723,78.40624906653183,0.0,94.79596848797266,106.1148941786056,75.37168229603192,49.13589508719154,62.85594222869333
2007-09,68.48169239642398,103.5146476904113,94.56845457704092,62.74183905564618,141.1835124863736,104.501554902084,62.99361502719531,139.9778338505052,67.43642268146257,167.8077518666881,92.45601193780608,93.19779520966799,47.48723198301208,37.94105632395569,154.7784379439046,70.55510195466874,76.44754744836507,140.9133794066164,104.7913108666941,39.05025918471626
2007-10,69.08504909782175,114.5304202179667,40.82716347284492,93.13526434745656,230.4480331578169,53.90947583038963,37.17676997832461,92.802747084909,94.97420589694232,213.3967678850717,101.1584184610746,91.09934135736653,51.6239434864301,66.55318766160383,0.0,99.5262894183054,61.10612796127921,85.6012187837979,190.4515310186802,115.8795808103526
2007-11,92.80549763965335,125.4986061757582,78.66087628285285,96.55029203388986,95.7639057744672,66.57579633656374,114.4329406190543,110.6680030952996,47.23790875568249,64.99116134991768,105.6916936183133,90.3967622093656,45.79638316128008,91.17215925481288,76.27068756820012,127.6488768201844,262.0232383286054,86.42332003722994,75.29776220160838,21.68142626271012
2007-12,149.8854138906168,133.1274053836816,54.89141189962856,73.81233594770781,251.9046603397762,134.0798015809891,207.7312535887269,92.80239560322542,88.90210397583414,330.4677008556293,28.0039171237173,144.4838926713657,352.8895233685937,184.7296152907898,131.3088816613197,171.5725680836321,0.0,81.72019532706014,162.4786800971131,86.27796063634074
2008-01,127.5547813455383,115.1183800990346,50.38705751471456,62.49091892397452,169.8514760616949,170.5797522583054,177.8378083305438,83.41232217651998,64.52119337059392,102.0859125043782,196.4101541047932,126.22940261784666,152.3613780226971,107.7934013907149,26.6834670697524,127.5397862829594,412.9143602305351,160.9090829409347,125.3085274564699,46.60865521742845
2008-02,77.65097719446669,91.68574682220203,64.80489872757344,50.52416130195807,144.4152788107902,89.15188238126571,147.2849521466808,75.47064828940782,106.1680989085453,243.5850659361032,169.085606009608,99.23623467365364,180.5675224777092,75.24777325493095,115.6264949323204,96.47090494845412,0.0,68.16340735643897,102.8562006623774,53.01236412008288
2008-03,72.06854406722428,195.7492691269008,26.07717018406457,38.51150402768011,229.8176926063843,94.65936988253296,113.3240759644918,95.54680131309672,48.51683938781159,142.3200066164499,156.7830547900501,100.47796253303073,148.2881007161014,54.1715439757194,0.0,280.7716277034653,168.5304777485323,104.1411028996722,50.89074848316267,32.4647656929026
2008-04,132.602945635684,67.81908357831011,63.50449736412298,45.23849182326565,156.6754059196538,95.9227034542724,88.65481502753642,67.83368010717625,81.81647609363573,206.4201500990301,174.5163486534252,89.99918271777025,75.86033284043526,157.044170717764,26.82865202803571,66.34263828359099,0.0,46.51250304722225,75.1486301175464,33.67351246629723
2008-05,112.4140383755959,122.3533770559258,101.2132058625173,51.94942984198808,105.9814021504267,65.47752554677973,120.8560299601339,112.9421512604011,43.22909118839379,172.8717778123817,229.5287009553529,89.09551867236914,97.45318343291996,147.9168692469456,77.58932526413294,95.54856226183207,189.2462923284266,93.9052751758108,98.46789012992345,66.54577864598116
2008-06,116.6999322742728,104.7895737314772,105.0845652410015,96.39316398417084,135.2168322897567,124.1957263854974,221.9853339444029,154.5657207716006,98.84585664112296,175.632728358418,118.1093919210675,136.57512436896587,175.5913776796049,136.7884014542895,234.7961829844903,84.6285654516437,103.038849947646,127.298585158416,204.2028434649653,135.0969909507766
2008-07,101.3083144700577,129.6835933308811,76.0921340721589,127.9911369931405,98.16277435754284,58.35905222476314,129.2472162463158,348.9962727028072,96.19072940169129,127.631065471035,97.18373693054237,97.97046277878424,23.30679125631373,75.73415179671454,181.4566178906547,294.9733215888818,508.3048367181353,473.7488695441833,103.4660005198297,66.55568012639029
2008-08,148.2682263073301,179.0422909518803,75.73294962486196,46.69537886676947,92.77300916103948,39.58138021203457,42.83788595120433,170.1579234722478,84.81014801369273,155.6171714963878,128.8545514236791,59.52412076318196,191.8145758583099,172.1837170041911,121.7670298781643,102.4787892231896,94.08470842643167,179.8534340718994,67.83236220186018,127.6914861321014
2008-09,123.9985109623596,176.8622722333942,33.86546510043446,85.11206933409963,80.50676430411833,68.165989150299,138.5852315823468,142.8377670982191,178.5844710649272,266.7694454795325,0.0,81.24710389425965,18.57912711111027,142.6029555608507,308.7206198933923,160.0170797298196,383.9024170879966,127.6757399035933,262.4612955499193,192.6821133677196
2008-10,149.6346107260226,70.52778124886424,122.2823807497504,94.30061066787434,175.8347838419477,114.4831732027133,116.1039343048369,94.52541733058456,236.6461856080627,377.4544141733863,62.88508579405812,124.60097655342452,189.9688985186735,206.1515062145392,279.9756109525227,91.16967278781772,125.8894829405546,82.50881212909069,231.4121841881945,260.4411660612515
2008-11,139.6089063964578,82.77371409194951,61.36803355799816,70.5241733451046,91.4720491037522,81.31229161182533,168.9863871922807,120.8524587897431,63.81536069131857,276.9375372888252,0.0,94.73258696219219,194.5878040900307,163.0765140769626,83.61739175958283,45.04209964033993,162.6848039507504,111.5675277983134,189.6767566833395,39.42045876057053
2008-12,153.9368898379177,66.35383069271124,13.28774998387882,62.37909781386371,162.0601246632772,129.8020568842408,40.28474794851255,164.120195720904,106.3559854182521,166.3673383508798,28.0295576253332,81.56275545875462,109.4566488960863,103.9466222559845,0.0,112.0897761069006,279.0282006304034,216.847362055947,160.4019612568647,104.12465797264
2009-01,135.8485811131731,125.2862265781716,44.71148966826502,105.71591900008,38.37981907068693,104.5979297145982,132.4160573063429,58.22030580500717,66.79321324452656,32.20652822513477,76.12989141377209,85.16424295199462,176.0962471116538,120.8837326640965,113.790951600567,92.31429526308352,0.0,102.6567936190872,145.9978268347024,82.0189326722295
2009-02,175.9586507308414,45.8192580765184,72.42611892599139,32.80406991382934,60.67699572924353,89.1294174961534,90.08083020720149,117.424430589815,78.4963204734736,81.74546791440696,33.53195863633155,69.02348645448383,218.0429213013091,219.0723338391516,0.0,57.12020953455824,142.3590510442718,120.8361862772445,113.2230307853613,121.1000746175718
2009-03,124.2478073170974,117.2216696868677,35.25912846197983,91.24537617327032,167.8986780651782,92.19694423476088,53.28670363559861,109.6765530664444,62.18101455828813,208.5707422401748,25.50426734555742,87.97736611415756,100.7415112808792,100.2829094434552,53.35252992825324,130.0981582447235,204.9434106868102,52.93456346468387,80.30583290573125,100.7420716780215
2009-04,118.7034626930543,91.69804863385188,51.80324245962038,61.09000868925208,77.48957522791451,42.89383213192557,99.9165282006606,68.93898455973775,47.00489149906953,104.9914751449401,0.0,66.63863734187461,220.3437910621451,72.27664385651666,156.7392091429629,95.195040862474,115.4078360553837,39.90317905053802,25.23427625395487,77.03803541253562
2009-05,113.3964834760688,113.0965532051349,47.57194465562974,59.81045330547042,161.8221991613935,54.9194101401554,34.00130650617197,149.2133944606089,74.06813260758742,28.50347805630324,54.55706864693171,71.6250627537642,239.8503653539786,72.14217514447546,175.8002884921738,118.7158303918987,424.3931547765922,127.7276115052922,186.8210667032598,80.42023546670382
2009-06,115.6008708738625,103.4228717833634,14.40693479653625,62.63369568044444,145.913805604541,63.29312643093316,71.0740083777568,107.2854369494317,58.73743584296685,141.5314027009732,0.0,71.46431417804233,258.1686151297748,90.96262860858585,140.6610580826488,121.9902507880996,0.0,62.02437456125613,101.8851537737944,43.65486353931164
2009-07,127.7162087936179,131.375669077037,57.39261971086469,93.88206853509864,103.8903371020207,124.8612899050031,66.74080177023285,94.58249082841948,71.33244763939156,18.89661977445072,0.0,89.35342340464399,17.91011283497999,74.91193517458547,0.0,207.8092449099999,24.4965763338531,70.3596876583668,161.8360535086142,25.50657189503372
2009-08,81.54579407506164,128.557829203379,31.53255962943942,76.42577310828734,139.6584387623558,79.15596536894527,62.81405605277425,145.1831719822394,46.05378218033686,119.0257110318794,28.00680636102692,77.91735858436041,101.4612303459458,45.57056943717456,0.0,141.2097263956719,126.6062128864433,75.54584714240197,0.0,18.76973999615671
2009-09,106.4787859896266,90.53205233713884,65.15338591406226,132.7161565444913,170.2801225190406,84.96342747256908,112.460523505233,74.31210956171444,46.52941271821192,165.9746482070274,83.18980152486803,113.11472319107925,138.157341982843,73.74274554540477,56.17487805840244,40.35897199181433,0.0,40.26641804335445,30.29104674099493,30.14083119478446
2009-10,83.168218884124,192.0376127636605,53.7747660077093,93.23108276348488,209.3752910892904,59.27765023265589,172.8484288290562,108.74298684431,39.12869586646426,58.07779171708557,48.85671039245423,117.70144378443933,0.0,86.56829289595677,239.602804272717,119.6608426727489,23.60443978801933,47.88018228994292,51.81350546375314,16.89644093504974
2009-11,147.4553770183042,118.3866472488626,51.14421942415692,91.82036907617558,186.51741641934,103.839986052226,77.76978368438715,169.0940114855356,59.04929430679263,48.40837681295325,45.96936544704405,102.21835493125712,155.9530134209971,132.0628755697255,76.96143477066599,93.48938472686014,64.55477333196339,98.85243908611731,55.58334303183467,58.88793670226409
2009-12,181.7510879447819,151.5993883505288,66.54429104142999,125.5980867395564,118.9488270173418,133.5942071549978,144.5229784950737,252.5930411931612,134.4956376355816,38.58035985199457,130.7441265757265,117.84167808967996,183.6590582463237,120.9792154006618,213.3798383362511,124.8752645063046,148.9146505592287,226.0305895261225,214.3057591244721,102.8141901349131
2010-01,158.2730882713516,116.0899591733819,24.61452103947426,200.6457118265471,106.5519223139389,97.59683505244914,84.1017702474166,147.7534736572798,80.43303413174974,71.34978188157005,181.9920271978125,102.7021520959652,121.367546125028,148.7318319289697,118.8416878576142,92.56648819840264,40.03604407979115,99.32684087039456,230.2748041330721,49.10067323426228
2010-02,150.7291872145551,165.8544735734168,58.91753575098934,131.8903248033786,116.1213106802846,110.4045813015568,159.8621301309551,165.3048129946112,39.27204682808872,93.31047038167225,10.09602627242646,115.43917653343287,177.5633887865875,102.456137760423,220.2583178882598,97.98315427363808,276.4307221772821,62.21253550324663,63.12468744779689,11.61282145108412
2010-03,99.0678424255008,153.0301913044626,14.70254007192363,95.654008721732,134.6082432776798,99.41815210749466,17.6873673816792,103.9287086167489,44.58882287943261,177.368581135692,97.59254209021576,72.41406231210186,91.92468746696768,78.40818932193572,51.01867043468431,102.3889691331269,22.01624320237531,75.58760460635183,57.44002266705017,49.77761571899389
2010-04,135.832674264087,133.7471466357636,17.27905981219493,84.10871517286786,78.01369244688419,97.91044671679862,134.7396233919762,114.7683667467426,65.48473181982187,147.5357948834973,0.0,82.41030750814437,182.5395064555655,70.82806439706073,126.0981899797034,178.8337450986791,0.0,76.1180400974223,57.68635414827338,121.9831580117609
2010-05,162.2009457363269,206.8167064189411,51.95959667132365,85.87918601560229,223.8807781184002,114.9854500097607,96.85023735504409,327.8959801706651,56.39448808420119,47.0248860933669,184.1862240229155,114.71104963402618,101.5566012752186,160.3013917076243,209.8205680303798,198.3283102833572,147.6774708640339,321.9434237098939,29.20102801357277,64.05858678172184
2010-06,190.5443212445761,136.8185987814825,110.5998999519448,63.21791096371426,262.8719488785364,106.12042603947,37.66337691521368,219.0687182027108,40.19584717982429,144.2481303993072,0.0,116.09471254977582,187.8678854460611,171.2415098040965,288.9974945376798,161.2332426325265,155.1487674823643,108.026753419069,25.63133247044146,31.332645562453
2010-07,156.5348897522047,121.830971696451,56.05913584704525,30.75938675291168,142.5939617435006,133.5550065681049,89.69955785815166,300.1600260974907,38.53456858589019,160.0850699727553,109.5136140212619,90.53340975394282,225.3145223019477,137.0157102260637,125.0573327326201,115.7788198952635,529.6363375371789,268.7195599311297,61.15277259758619,5.278766516295444
2010-08,115.2278368323697,168.8690941943204,62.86437536548402,70.34264384967183,95.86175474247324,132.385617845512,104.6609990228576,256.1482163445677,43.11500477591799,22.64794873708242,25.3732062619308,93.22307816519974,201.4188727527711,125.7742895246352,299.5020905210685,162.5635514708003,62.3009468908905,246.6972071260957,0.0,34.62900712195042
2010-09,141.5562993490111,108.4609525092747,84.6967556221608,49.85019338599602,222.0929912989026,152.5072503174351,155.2660633533869,222.9424399096746,80.00968456923991,65.51972768649222,105.1504851586965,132.8826507955763,106.8505157662461,131.8992619565425,316.0410214434455,76.97706432936862,351.228297878284,243.1448264264195,84.26755899759964,27.46418275901206
2010-10,117.4034219429675,78.20849551052817,108.1437556705182,54.01691023007804,235.9571953553454,88.80162011145487,128.3679705838697,147.9065482160744,57.37512209673638,62.81371088979351,50.00821977529121,123.05749039025325,86.8954914416009,97.19728120141497,0.0,57.01688565885306,142.7800579265408,67.24893389250727,50.60752647668613,65.68196741348336
2010-11,124.6204519377275,80.2958156962609,73.6567024105655,85.2434331771268,170.9276181428018,88.48421004467124,145.9063670717586,148.5926499428073,58.06841998991739,104.0500002788564,104.8452976620468,112.8436661693848,145.381513817815,131.6409462029391,37.63965395727912,55.33650330334665,41.14704095662921,147.1851095899002,86.33380572537597,56.7932585265833
2010-12,124.5868229530196,61.25026785449729,34.43880706961334,91.80934504882362,222.6094272398982,112.7018998889796,124.7881359488148,164.0490208293688,44.52152575599103,73.34192601883623,64.2341129216403,117.26952303922592,169.3022039546473,87.29991228612894,106.2506975489397,77.5901751517113,184.6467286073737,88.42758400055128,31.82279213863038,58.92864102255825
2011-01,136.0139917726196,108.3839250021079,55.30737502902453,100.6532991584251,146.2669897320981,119.6891205198676,248.4038115369707,74.1296614380352,70.10935400232378,83.15229861553236,39.39119711612258,134.06411919527721,39.13504238969731,150.9418978684166,0.0,99.86296817578264,272.7505100704885,73.28796302259975,29.28501894478082,40.65276006562058
2011-02,89.82490116039105,147.5970703681343,59.66560810634724,50.12947228253466,87.91913788007868,134.3291176273418,120.6872703527115,133.5813792734114,74.66796760002367,25.62128278915749,25.05545275122944,90.54612124980277,30.95149063284279,88.9512196659295,0.0,127.0821054263285,116.5271583207661,129.3276503433611,32.64432430964521,19.6448550068412
2011-03,123.1505192550322,131.777566188509,129.3124157801042,122.269892591213,208.5252721076901,187.5432563188937,162.5059712101496,277.7778816853536,88.91581027650304,82.18813225386327,144.1947826648457,162.03136160161012,113.7562704789037,96.64623302017318,158.2794445655799,219.1550014700928,135.4921872263208,249.7289553368902,90.77643530205728,52.07523977639195
2011-04,108.7222517768786,73.27539367617993,123.3373824338496,123.2674810637232,100.9595694334076,160.9398401481599,74.31697823660689,173.1327685625276,72.93066272242984,119.6672725280952,135.2815259757114,116.56425026314943,149.982505647114,73.04151327502848,94.90714168965388,49.69905626237894,260.3660216430961,156.2167047484064,87.49207292486594,70.84848572986503
2011-05,84.93894251773293,113.9134414980963,194.4397143537244,97.38303503889152,65.59534735208126,181.8455782205194,107.2607185115721,320.7391862451182,97.35330535573422,72.13857049562235,46.92493730872685,129.30487869535776,118.7246430082456,96.36086558275692,78.66805987613637,119.6905604935185,131.5062462976139,289.3495482219112,92.1073833635932,74.09590662552021
2011-06,92.77462749470256,127.1370460439266,160.8546170191651,81.51846816214136,120.6326723775969,190.8991880399986,35.71342903236928,237.6242958816746,68.79578762916724,37.59411039147877,115.8609743294211,117.92367492625426,188.4095927142051,126.126590006654,33.79713307427874,150.2963646835719,425.9389345436035,224.0686083295587,31.65943078268259,85.67714732191236
2011-07,89.15460520074059,103.8444811485361,105.7856993346278,85.75341960450149,66.56709400206631,97.81687360248544,17.73096300550728,652.2980690496777,53.19994688828878,75.8603033363258,232.5475328814213,74.73080990983767,88.84708320750967,64.08828102241115,119.7986360738969,149.5360435486018,618.4240248553724,644.3085946738175,96.17727732263296,40.78545041165316
2011-08,100.3845963747089,66.15336276081409,100.0032977913291,23.37544617436635,32.32688644439506,140.6318708565661,113.8880125553004,383.5609165517861,53.6312286300653,133.0578449005513,61.39570362417289,82.04510276439142,36.0133518625188,131.1860987085226,205.2862388354997,73.14390768244061,394.5647817026332,378.0536539474705,54.5079223585114,75.95625863781399
2011-09,139.994945757037,104.4570279916396,129.9113885602613,129.5670358139462,137.5740645742818,222.4008801488598,37.02642274679462,185.5778484567613,81.77855040720259,20.14145638673338,53.53771668151702,131.29595836882876,219.8231589764427,149.3490924861292,0.0,88.74730990328213,293.4898809520949,125.88461865008,82.3465759761627,125.584568568352
2011-10,117.2811217565852,130.0484019071393,96.92112968476106,121.5429137336347,118.4460029503152,100.2654093173131,70.13984778976723,322.7158861590697,93.36985215829408,42.52199377474908,336.7033120080754,101.46306069515826,65.35615062073109,116.7832322704991,363.0405665183884,153.9613003422063,89.44790278863196,348.1597561080195,109.0620019993432,86.67946177026865
2011-11,79.92811558580183,138.484903045042,74.9476424635621,112.9604804874904,191.8614528053429,98.31908287532296,126.450408622481,262.5548386175924,34.18793603837909,203.2935584750682,124.5019153296228,120.90781345083988,78.60501901324463,71.5862893728456,75.40280453753431,136.3242863461968,122.9260582145986,231.1583987042539,31.54607220699012,41.77856440733223
2011-12,118.1055428956478,123.7452142013186,150.3775449305158,120.4992423828644,139.3798695807285,155.86350692413,59.10321001835761,188.6585383504414,121.7835861385121,110.9581396196581,180.4436574173817,125.04467476731925,45.23333049172327,55.86734594786181,0.0,86.24289676709117,244.5040263931954,123.003723732577,118.1715643800479,101.8220175199106
2012-01,84.62391186078048,129.3216605298925,89.1930708275023,89.7976402349391,149.1609125142895,153.490922083589,98.0832390643566,127.5726462765337,72.33458686804312,48.1491823544272,14.00195856185865,115.94515694493529,71.93208165686985,92.7502594581852,194.2797472247053,168.2000326306987,0.0,163.199820371546,0.0,51.31441124676057
2012-02,75.7935876924603,97.22636133619324,138.3871047695687,106.2315521976436,121.6356456496542,161.8794799226329,0.0,200.2153366061454,44.68064681355843,67.03498049334245,24.01288771759776,105.62675650789988,13.5985874496166,44.83179630766101,19.91970089188808,90.32565990951817,130.1323893807991,142.3670138166563,0.0,46.24726735320909
2012-03,86.7876177623032,160.4055306771852,118.2243020799676,117.7499661841867,140.3077942296157,215.5122629220518,68.47799378147965,148.7856167635415,71.38721261447873,45.20840132369532,35.4650078613362,132.0544638394603,77.40498561510007,76.67976304350424,0.0,218.8516771012842,295.5894387527669,153.0387224656241,0.0,83.46627279540398
2012-04,52.80679974676038,128.6496816318031,41.67297907656771,238.1341693975025,227.6185925177808,181.8065852452465,19.67028708423464,154.1162784406081,55.59456929287551,46.17887966175294,41.39803437634807,141.7805226642664,17.41684304285786,65.52065586685116,41.40802337321576,129.84458990893,89.00481102136328,151.1243368068814,96.4653239512422,71.52956561815584
2012-05,67.85076140923223,105.6840437600803,158.856369056791,92.50683073091224,107.193304713714,72.1528359860703,50.83035155010836,344.7089238687008,79.263943081669,102.0452277085483,105.1804523289508,96.30793840751919,21.97545294706893,68.62820470274258,37.898565109762,42.24180008394388,751.7046279336588,351.3443168720872,84.65517064225953,45.29130382585723
2012-06,85.32003641859376,105.5860701169812,116.5539201678501,60.60056581001784,102.5114935454602,123.7229260180651,70.84901151690563,319.6581013000874,106.1189767009032,82.70892009484564,101.9805845311607,94.84758341165977,50.51672145504985,80.62222631582236,107.5324463367049,75.94449826801595,181.2101232059029,346.6291785816098,193.6788005576915,178.5019154731768
2012-07,68.02037705447084,163.4051279106274,38.25491619546328,129.8230547494029,125.2215017387104,123.4106684883311,68.92424467563913,225.9665279902975,51.80540199987472,179.5089299986155,95.35754017251686,97.12687716950936,43.53365878324555,59.62643509620806,67.34290459533212,182.878380960099,172.8489136973901,286.6970918342416,0.0,40.30075937132366
2012-08,80.04997954277722,100.688264434243,61.68962671955768,99.5281764373716,84.06623674030827,71.25626071635826,118.3868736648189,243.6312936802602,94.91525405534291,66.22994580994043,25.59356800152927,86.98543485568294,25.69054749613145,72.93551090486368,0.0,92.60392710243364,125.8156505230482,210.3222472182793,43.5848559467602,47.11707394748673
2012-09,91.9354519455708,79.74085565594395,67.21949210531902,116.7089627108257,213.2325718384195,86.50139493036546,59.17266149899022,196.3391578163718,41.74651843545896,67.51044581833942,57.13285948932266,108.56701661678399,97.98058109200272,114.6513254610118,0.0,52.32290170468551,171.9737967591759,193.1413704356014,0.0,22.87062584747752
2012-10,110.4292499846375,154.1878913249394,82.64046045991468,69.42697864235436,131.6918378580979,104.8845991197434,68.12948235715761,92.3868101517287,102.3063225632416,87.31006778580345,47.0166575122433,91.35467168745359,30.93063383322497,114.2175408584325,127.5384482692786,185.1434003040293,116.9432365275645,109.562620290824,187.1001540479914,56.96314259944617
2012-11,117.6331857465367,205.5135243852169,168.3308317091437,183.7801649091006,62.65227618678333,151.8669671549474,45.09486473539949,94.50906226812911,86.42833627848425,101.7349072595207,45.08938221229713,122.3450209390749,153.5963851473424,85.40902574411444,100.758100344623,113.0621373917172,187.326835296579,94.8522359566999,142.3648039688852,58.35671576325541
2012-12,85.16592522220346,123.1653815866583,137.5421000786696,137.6566407588228,303.7606870047159,180.9076851692242,46.75574274432747,156.6492795416655,72.70226893021224,22.71525319098163,114.605684043,161.32457115115199,90.59852009609804,85.49403307798802,47.62489279654834,113.3703711180257,168.720324040006,175.7751086354686,39.94337510664876,108.3930507954125
2013-01,97.09325224538269,90.50182080909596,109.2793775223121,119.8581669377659,64.89023696231018,141.0106534329148,21.41894297560216,114.91576528954,89.10955591092203,27.99000260765223,101.2504395724296,91.29147556618103,145.3874476837521,81.29448336257981,41.69365949350275,124.1258093863487,126.8227926503331,61.51496797531497,101.6026584677586,139.2356760055576
2013-02,77.16978353100538,150.9188563150487,134.8192038724454,109.5578554279033,111.5777397147478,169.2380873852654,53.84317124751557,101.6377578643632,82.03706055887338,26.56497065478066,68.2261301169738,115.80721152957548,23.99136317335856,85.07962313632568,0.0,79.87166398696893,132.4502724559659,116.570384909378,32.41718164247201,108.681433894481
2013-03,84.82562484116268,122.9805458590143,124.7107053927734,82.05025052583318,115.4456622155367,124.4125079823197,51.73722930459605,103.4066750085676,72.3709098642082,100.3376450231911,71.30856271020271,99.67127108421181,88.32119452711973,99.12361701814451,69.11451220099508,194.812175388048,25.10822133065032,94.49572711919356,0.0,111.9930117914915
2013-04,70.56972588444452,88.82092959866607,149.5960029184365,61.55149806402132,90.2615231884736,152.0155299783054,33.24597398919254,111.2798662374786,79.54152431985786,143.0939831881803,19.21179590021446,97.33410562768586,57.30485122323695,69.56535972472317,112.4236859633065,61.22557922197192,28.8222012883555,129.9135379105956,0.0,70.25237990033528
2013-05,66.80246431646326,106.7594982869607,138.3232741911485,106.3281673250868,113.9049322095598,206.7477102495375,15.38055434808818,188.4355620601814,87.08735481381123,81.87161782300029,25.35223029888697,116.13692766468414,70.00741292127452,70.76243950682958,154.0133379785241,104.0401613152911,89.27732462690932,202.0350146102855,34.60862579386402,101.1913875736077
2013-06,88.67117392180148,98.3750005760045,106.0323273049186,107.0443993047512,120.3601992579464,228.5732270322524,66.78505959634042,162.7379475452707,71.53108367638204,64.480694650363,60.11216975049682,125.75904249924179,101.6731711360595,74.12641100737159,140.1134103683512,106.2769766596093,168.661331674758,173.9924996970163,63.20970507668128,77.98320603744581
2013-07,61.66028505401918,67.17195407358311,140.0648742766346,137.3262875765992,205.707744381952,65.35781972978124,33.61182323804753,258.6905839473795,57.4913673413879,38.0125123850741,22.74514531099879,116.41370984060293,58.79979919166476,70.9832301593475,120.5690557574012,46.86399694917429,256.4078109227287,423.7489734974612,234.6855994743251,19.63395202846421
2013-08,51.42051645301862,82.38232296571083,175.7224894705944,38.36267505878674,87.70668751707014,40.80519836402473,38.85488806762398,266.9385167793842,34.04068954522738,18.38160168039756,132.2840671216485,76.29038769562001,27.4757045892438,48.15203356282258,61.77286387321532,111.6757612268026,256.6581184819271,410.7768039995669,0.0,14.1952719575239
2013-09,82.81884586957672,116.7834815787717,196.6093652978509,127.445896726118,70.65202605578189,276.0708459332722,71.82043180725945,253.6582270432062,91.66496760994036,108.0005727344428,111.2243379019898,148.51971316405647,14.94453136090888,74.83875875022879,179.8598485762698,157.2663368686189,468.233119970832,278.129730302344,25.09761185578703,43.99824918503803
2013-10,104.939533959816,178.2916537378093,155.2097819319212,91.03179185978354,113.7411903158819,172.1594682235126,32.60313540000884,119.2809382077259,112.8717994778723,81.54299386058162,73.15375321493953,112.9490735462216,59.05920520457808,97.4535396633144,35.71082967871121,171.2179929239462,0.0,152.223465454519,111.9861765945869,71.03608809965182
2013-11,97.67732073872098,130.9456280769314,216.9319098331567,110.4919542984424,144.5574429127262,123.2586296716185,49.16361466868481,123.4908274540245,94.66902799952528,102.7722515298433,329.7223365090839,128.8807102769257,73.92894289671884,98.02712294148428,156.371170935913,148.4561539805686,213.4493817923005,134.0642840161013,36.44951014460147,65.3576150599809
2013-12,71.14709126090605,156.3673487903317,243.7324699803346,57.2992317023399,355.8977001970131,121.3705200046771,59.78970622465082,126.2244725882412,91.09396687701624,97.01130870987184,259.3323634761928,167.6179256218031,57.65458922860068,53.08932778674841,244.5250990098963,192.3600611857956,187.2029682593312,124.0986860170305,78.0485673003994,64.51566766662287
2014-01,97.77913865876629,100.5598186116123,134.903160503562,134.2816996761942,125.9580381807321,77.32334826282593,72.78932517896553,43.18341387826291,68.04261087591223,24.94567164674025,287.7017272462981,109.05111436045595,110.2117548499465,74.44545470802353,80.99040664093422,136.9112944878852,68.07356801531307,65.15552329135146,0.0,121.0894810450995
2014-02,60.13963749753147,100.7012498580522,150.4964264829577,79.35699068415794,197.13532808052,132.2828905089403,17.9570014559432,87.53645847029766,82.80938404564498,70.44868846788312,56.30135140929924,115.44572744250384,0.0,55.87762899493464,98.99399526443536,67.29007395084881,82.16942490954854,44.30238060590741,0.0,71.50788527788312
2014-03,85.60346673186673,147.8714060774372,90.20051495172208,115.6069880724124,95.70164652080084,94.737468119974,88.4679109902331,94.01599986512248,90.11049636469102,39.40042628229546,156.5620167241385,96.94290573102849,47.03623708888719,67.75209158867517,32.72346615101561,120.4956648563377,27.44420310970055,84.93315455840234,59.09283514377763,31.17775218412763
2014-04,66.34326520900703,96.44511750452784,107.8002063244123,125.6238996183531,80.08069718734141,73.44955167534006,111.5525408847817,102.0028934628222,41.66012863383074,23.78937531661019,103.8894628451193,99.70137913804571,28.05382659928145,85.00425243186608,318.5245984527563,69.65250405061462,168.0682712326973,65.34229700096155,72.69310536302049,62.29967027080026
2014-05,121.0136491485899,67.55752685707013,85.63610088427536,116.9862555522572,98.5855758913149,106.3910057473214,65.56741235436525,95.63667246342928,101.7735972254095,32.08261363595097,235.5185518751443,94.63327008590684,124.5741199884125,97.29960036563894,0.0,91.34313195546017,0.0,45.30407998209363,171.4302807738817,141.6656000385668
2014-06,78.00800550366918,71.58788328561408,103.8331803702801,95.54903455640807,94.05361722908472,150.9688647176994,37.87173905382608,137.8642057029939,80.29850452202813,88.8780545143291,285.564214753776,96.45528718545968,68.4886620051432,87.24408561520643,0.0,81.63456434626485,224.5501557655571,157.5591952277292,98.68698355720116,27.35152560709775
2014-07,60.65773628701952,73.17692287600357,84.00638861202948,35.94158801363157,100.9206279824432,176.0618186369839,91.71066653458358,256.2778718463512,46.96263003886237,37.19553624703318,255.7447540818383,97.72821795593435,65.48513218782027,62.93864672757101,89.05229338599248,48.55314543921387,156.9697231361788,167.1635945838078,86.25534428624572,35.31868892069058
2014-08,75.99474472804637,108.7634286952532,82.64831665322916,61.77964783178476,25.64287141122723,83.85818215587746,19.69264133589689,87.51409591420372,66.62971782223867,56.41094242631232,82.30060594187938,54.72433187760309,88.66853159570366,95.17498854315572,162.1671176300118,96.24513401865792,26.25293139404607,119.2530891272572,283.8199960812162,97.35239161136694
2014-09,84.86486132623497,113.2269934708439,108.2933813144216,111.3634658914879,134.3383588127272,81.3396709359351,19.33791664195111,157.8197217098151,70.74624695150895,123.2256288804247,142.1130417522356,90.93455871930459,100.7019952218968,99.55577488326934,68.68449624772776,51.93890043569048,52.37064150341283,125.8341930862083,37.28692331600102,58.51093220217379
2014-10,72.50675468821889,84.25325491686016,231.4482741355706,133.6351498898964,85.51445658120252,87.09801881827667,37.75849925708926,112.4396281526116,100.3128755121638,36.2116827418807,23.57910652011858,115.0908797364071,25.44393039415494,91.8897914876622,0.0,91.7048011753493,60.32282309237981,170.463442534399,33.68245284798781,156.062442395513
2014-11,151.0846547085806,50.8138990011076,113.991025108502,76.70336462618718,105.5929625970065,88.20724225616428,18.60899295478222,105.3367402972364,67.51589193716177,0.0,91.26293278025835,80.62071750852843,65.49382356870385,172.5292967069938,0.0,19.07077781670611,181.9814314053225,133.1039981456944,0.0,75.33393979715838
2014-12,92.80172228883367,98.36011360700851,95.33911139735451,171.8242833953266,161.8512601589609,116.6433407933948,43.76873962246039,73.12949115073545,81.38117225982707,67.25273233941824,217.5049710551921,117.88534707349945,38.29051334177301,131.9561830470039,182.1385528772259,143.8479431551526,32.33506647491282,104.032144466153,67.85433131088355,84.97462374309133
2015-01,134.6093136214994,79.87426314886424,153.3475988360903,47.51880687051754,137.7128049360699,73.27487934107408,97.55790740262644,75.09270441627119,106.3946981055239,25.94846076805554,84.93184614459784,101.88239947727564,109.9712070758795,133.4149927560696,85.20478660183728,140.1859001931239,120.7334818711896,126.6416631504735,0.0,147.8954410116914
2015-02,70.67073526890441,97.44333714450238,72.06962438084531,79.714920306926,54.13009065871002,64.217614267103,65.30114086535794,178.1841426506783,96.7518554812879,98.9687013219506,73.51460253191118,67.08667809578844,45.76376930060404,98.94528507483412,77.38158810049754,89.6561653051726,140.7470257373485,208.3107322012215,0.0,66.94459448586719
2015-03,79.33877785853733,116.6416047081414,137.5155857748993,123.7319777467144,70.95994838180364,95.4680325419932,104.4728940573458,40.11299801284171,61.23827860021812,79.11721154328497,43.81744007338934,106.42968770055127,82.80001988771711,72.48157634254277,164.0684550668895,142.9797924910323,25.63019394893143,33.23467111001897,68.70422326364128,68.23689841009576
2015-04,76.34851303043058,149.9927209166598,113.5250214100789,155.9420880082734,54.24588303328692,38.105647080018,44.50754800526551,67.05531812947974,70.06455649442543,0.0,109.0563397494219,81.26523750738455,118.2981888497629,85.73418338256693,204.1981525398695,123.602107434307,30.86028071747191,70.74434552435675,58.68642572520489,100.7874453759476
2015-05,92.51104577120894,143.2629466067623,81.08892012569468,103.1511313582493,209.7414148948935,75.4502661436536,92.93326191284152,66.6050226458341,166.8560674330114,59.31899512950873,31.95241825745318,112.47299888706652,83.46731374452293,78.35570891792109,135.3135488986341,186.8855277795396,25.13700970205841,76.61803658633474,478.1470260557037,152.4320307252447
2015-06,55.16770277539095,89.59144094547376,145.781613662268,112.5334565763383,127.4762964470504,52.72846985818067,64.531313458745,85.09114155248022,146.4041811045176,45.0159069771974,80.02863513698668,100.61023000051647,49.90724512040349,55.37939457589079,59.78663234326783,87.47396961274349,29.3165315629533,145.3642325815263,383.7111634615069,155.5206172641239
2015-07,65.52941219473712,89.05635266894733,90.7056748806778,144.4348169252252,71.73814625956341,82.83524099659823,93.27469259242557,126.585466964755,130.52188292943,24.00829594835814,47.28701867535473,96.59771433089804,20.79146830015707,81.16695366434452,0.0,84.56964243742172,131.2273293479369,92.8722543587089,200.8997089163034,109.8599989070557
2015-08,74.12754252455792,44.0656214014928,111.6789679656254,138.849486626558,108.4037480246767,47.92276428830231,23.29136676024083,86.37675923812236,89.2037149236056,57.53273734850585,83.61974963946463,86.02926673308063,67.19101301956107,99.25243145583954,0.0,52.4325904481578,13.6461597412219,58.91006486222686,85.95480301695565,127.0266353108847
2015-09,109.880763137393,157.6555048511564,101.8506839578793,152.0259147479593,55.72509952197618,70.76875963116186,159.4359383880513,116.3075262691354,187.9410071122437,26.55370476391774,101.6110641821202,107.96127924940558,189.915841367416,123.2348851376868,220.2990691898446,79.48221013799598,104.2898416091047,73.19594790995123,117.0612674329586,302.4261670939376
2015-10,113.4881940720934,136.8908996743223,90.59987442178765,95.059247924301,93.07436219061618,66.4468514757064,140.2999180017151,37.49178170741855,119.8618189116471,95.71330491470025,97.06561392099856,97.09605080282526,156.1895978304059,127.3122293718077,38.36079906813131,113.3917079214219,0.0,35.54714691231732,191.5123845957533,144.9361164734943
2015-11,85.50665626198351,123.7796181615047,194.4511110986911,147.1034647327765,130.6940750707469,38.30724904869116,62.94491866955086,80.35171531705336,182.5937115886093,80.56891568151175,44.69151865401764,114.7001637240913,41.45330371238113,101.1977045173741,101.2674420396785,104.8264337811714,13.9794283611558,58.58397854671285,312.1807250677215,240.3077581478321
2015-12,122.116944748948,130.1121996247546,113.9573924555085,103.7431395855285,66.59349757671863,74.55807055545716,175.0538298158579,71.30652037516305,177.984728231794,23.83684833294798,56.3754038788768,106.78118599781415,111.5329719919106,127.6591659894678,81.05867525122581,176.2113864689951,17.22451866315435,106.1621010608249,36.83998981652751,129.2958056390277
2016-01,102.0916487313053,105.1350466341186,119.5292379392994,96.87151572702088,227.4887986287475,86.56963743204919,43.22815951410675,102.2066260099281,136.6037814946126,78.57583585252755,68.37720319211186,114.73746984824474,95.2869117475804,137.2030019572769,419.5547016053002,54.63151514013041,19.54960107672103,67.53955771126343,38.32975212222851,136.7368235429925
2016-02,73.35367995410363,135.5414986587529,53.84362838452051,167.9903085539106,120.4868333365537,74.56875606740431,134.9479192806506,42.14223055521965,156.062987230286,48.19978580409029,44.68409291113721,110.36748912460796,107.7933490703692,68.37251409433887,150.6813356976873,118.4355906932351,0.0,38.97019596187195,201.3498392408578,127.420920308409
2016-03,72.26189544347935,185.1225361372586,83.7307213024542,133.1646187471346,99.82755541903198,84.66926233293458,107.0716491894401,42.1995268497928,87.775619096024,0.0,0.0,101.6927613981991,69.65183630541473,77.50249067391425,0.0,200.7553940555158,65.19990230079767,1.93590145441163,74.12568649599241,52.9561962480612
2016-04,80.25946590613444,128.1078717338297,81.15955626016634,190.1235630973893,83.81451111621021,72.92752521261122,22.93682358304531,90.77718234422292,72.87557589278671,24.60412885868665,0.0,90.19239585388448,50.03875142486446,62.15554394546949,35.33974080795951,122.9458807151428,93.11731237085608,113.7536591944808,106.9676294054207,64.70904377081168
2016-05,98.28671355813674,154.3225206436393,84.51888565291131,146.5529284330173,68.00603829006523,70.5584653201107,115.7217022161303,104.8103034354989,102.4765267837267,86.93592820523531,13.51612984696146,97.07160398244699,67.37130003857737,115.9679125029795,109.8028825431297,156.102388546752,137.6111548609051,90.3575776448195,38.093863051774,33.63660736189053
2016-06,104.7658834456372,190.179682729515,157.1284439003062,96.45176854599528,125.8710199150504,109.3530531316425,71.4372073566136,98.17593725748011,123.8628021298825,0.0,15.20283490273868,112.0482985699216,123.9385896896149,109.8043916202898,221.2056482303552,283.1022000582525,123.1510655674913,85.86404629358886,178.7143111611111,146.0273711069462
2016-07,73.67465599488834,260.6383801663386,146.2331676965476,154.7158011202657,92.17997940546348,92.54070643872043,71.28660570165457,150.386429211139,96.52877235566191,54.30680425410527,33.31596636844466,111.39125207253036,100.1860305466093,70.33511708327478,182.3701697693392,236.3179783256541,32.5209630356411,220.1717097859666,110.0601726385704,116.0340357600595
2016-08,71.65077833111242,111.9677891622707,54.64175661118593,200.9555197599252,55.52055095189623,44.00775688708855,24.56387070031253,91.06486016536044,110.455575995091,85.6168566134261,30.31730408339004,75.93789098208168,16.40160409696483,46.0188015367059,66.89443261827967,124.4999325424497,0.0,8.210207706658553,0.0,112.6478875668
2016-09,92.69579199116808,176.3143308381924,65.13235963902338,99.9863998241804,108.8621159976585,86.0647357777456,183.4759565176482,76.47398596641152,128.8755873909202,81.68771798215006,34.9737943599845,108.70431355125122,104.9588361573701,85.48693862197429,163.819194062117,198.8416367758871,31.63305516328643,67.88857150071031,61.11195635131477,164.6954855599373
2016-10,63.52078158661627,157.3282933287856,117.1101859819824,139.7072201880351,44.01593361502147,74.3683843818554,87.92840832686637,78.54256435882962,185.8134931531364,69.61002110065915,53.61170772073449,92.62602649875217,28.98468873432145,49.28255879388428,198.5856023800726,192.0466162227659,174.3906293371852,50.90479727643407,213.786222729557,196.8630594245467
2016-11,286.2325381683111,148.0911370339972,135.79913096139,133.8714584288566,128.5204497772318,33.37920933651549,138.5000499612818,108.5496013542654,294.9760279483559,42.88605194062878,115.0669312427225,114.01405969305513,271.5334184600492,414.254611261803,50.31452893764804,175.716090919797,36.15475896042243,160.1437848082001,443.3065204442327,364.0591002147893
2016-12,186.7167843000441,124.3323807118174,125.3846635965937,93.61761683479472,95.0786698162864,43.95390196900708,180.2595958501664,193.3109005494271,246.5727236259158,0.0,215.9603314156481,107.65888961336967,18.34784286543747,222.4394586844151,0.0,116.3662932711867,228.4311382433251,301.804733445106,395.7348843967981,397.0480354188166
2017-01,276.8530309615796,296.621154778688,90.67442837206728,346.2715520680941,181.0556353928835,53.87866106606618,228.6897319696789,128.3544028061598,207.7956443628127,57.60224087701751,488.1161035960117,180.114001773758,182.9269993368094,334.3522287751891,200.0600650651506,346.1615794812639,0.0,130.176843172712,168.2633003525062,235.5586516656409
2017-02,203.7255553921238,161.6493924051552,44.89691539303901,262.2749771367673,139.0175991538133,85.78160541913407,123.6001206268753,196.5419292359321,219.1393833690038,63.60900997585563,303.3935072334973,131.1142435459258,135.8255521772292,292.1000754443317,198.8748834476431,173.6904276755959,206.1452607637626,228.2922188772951,293.3211251501733,184.706785597464
2017-03,210.0580872351742,180.1365970240237,29.11371281576897,249.2648624647076,141.3448636807967,59.75548572429339,91.88434623817795,249.9106351075933,169.9636011572096,56.41094242631232,134.1303588260327,114.27265418474892,132.6397158771381,363.6813340026621,125.4283087829488,182.5881142901311,33.6442863590153,123.3080890890054,301.0230516191962,185.2374366901279
2017-04,223.7944750569787,219.2484443902342,85.085930280076,120.3210567484481,64.9688133822935,61.28005696446449,101.1806655068705,85.46018118478165,85.73128412195207,82.40475639390516,11.85679458552473,86.56730457643053,141.3108034825579,346.958388566935,282.7477443097603,199.6549487157547,0.0,83.89656276248643,0.0,179.0898554896567
2017-05,212.1928207244096,227.3671209233468,168.1624932682485,246.1137314071078,44.90259845885004,43.46985040678388,91.91235342521225,78.65720668731701,228.7066960022483,0.0,91.79841977306522,118.9122053932405,246.0604508721938,296.6611954555045,318.6034063089165,262.196625691523,82.82419361096593,108.956611632456,337.3296595259757,124.2630308943519
2017-06,211.4454527292793,271.2440904004152,269.8696599431593,144.2224432490027,35.40336576638608,51.1530982892172,23.00408174309761,197.8686540696069,199.341608046055,123.819162415788,179.893677424486,104.73052979817257,273.9665312166746,307.6401066171662,68.81061541087085,367.7790070631532,71.42820632691699,287.9933912923838,96.1714337706083,189.9582065877609
2017-07,208.4396450530459,142.6230195188521,166.2902967426651,182.1377037938086,83.59288463371517,56.16666566230113,47.41490980171893,178.2799886958446,126.7791260761259,223.189117001123,54.8659617791274,107.12049212684181,141.5867028170716,293.8648021234359,33.24618953077052,119.8364573235483,54.9093001692372,145.2647026491321,101.9997595212216,234.3911361315378
2017-08,150.7960151200454,152.7111917749795,88.13821123089846,143.1631374489977,54.74651385427155,69.54428037520859,50.84485969196658,174.0778798520978,144.6626573252212,99.8937379242507,65.17925395483952,81.28740052026858,125.3819674012418,188.1879284099492,77.04412243577357,174.0874423085376,47.40063612264223,206.5685388902471,57.42325061886935,173.7766231174699
2017-09,122.3950297856186,207.5518492378651,69.6750863405169,73.17819721309095,29.64165892269211,31.81583393632837,95.92770263451052,267.143366657246,116.2362618582423,585.878792693423,122.668692958137,60.04769580942777,155.6448948356046,172.8517425177791,0.0,306.2447945075054,216.3146902002568,274.8389458686257,58.54025779064647,98.29875741493832
2017-10,142.8524215988314,166.7581415383176,108.7495427002238,116.6329466360861,57.18992871705719,68.75996234289173,137.9768465827743,275.7222656809812,141.7690830332687,126.4204607359346,64.94128396747384,97.86184539580663,177.0785975947176,176.5371678712783,318.3136333085321,188.4693024216827,117.2651799702695,264.9876253849169,164.2957676821105,255.9037700876586
2017-11,160.5522803725742,193.0575681061402,91.15473029031104,153.3900291368239,104.1785978398172,43.82347392432773,122.9065635085314,145.9883237347882,92.3987063107823,148.2808231457786,100.8215695160488,103.09067893996226,164.8911094418845,266.4581275517744,273.4632714235751,196.131692807368,30.01726817104341,101.6007309955566,352.5369230698612,197.3982744191259
2017-12,126.4335757100348,112.471689152748,123.8604654492074,115.4130864787666,63.25400468979721,99.73748403102022,139.3672431824466,119.3669291765244,71.79963248373711,88.82265240656923,145.9997732464433,108.32645676624762,81.71717988573022,170.467413945719,98.08468116633628,161.960181743894,42.64500563032849,117.2984184355264,53.21188193672621,78.68313425461574
2018-01,176.3251532917304,153.6387033156743,40.56343101896059,86.60126451072422,103.2337777463632,72.21866943685369,126.0977668671159,113.3479678369173,111.2435463148252,235.3896083959324,167.7345106656203,85.74298191600353,174.8019205090631,217.6273336380673,205.0770495162227,150.9294253596679,224.6616776371058,122.9062011894693,330.2708862076209,216.4468539529683
2018-02,118.0414230331102,122.0004800229387,142.0132800338781,143.6411023778207,117.7242956473252,60.95207756579167,51.59012355180381,80.65997026742153,340.6788134408772,177.8749690727547,139.946739300469,103.18417583532388,150.2735691947066,177.7319604848255,146.5071878533307,90.963392771408,35.73484306076596,95.58355421363308,395.2669458584659,443.344804801606
2018-03,142.8622751205403,115.456836316033,108.3847449226154,165.1264188074421,70.38418748015762,44.65788942428341,93.81702402179089,93.46659141388218,182.0181871312087,99.73759266459254,89.22556616656705,96.47405293125787,163.9135756424523,213.1519564522115,39.70397038961035,140.488007263689,0.0,98.71061171647992,66.00568723100989,313.3870772294841
2018-04,150.1351090336259,75.45031310201006,61.86814579281175,137.3456141163641,9.567457574228014,15.79575497280044,23.57487590619882,155.7539891040177,342.7861577162529,109.8853399932313,74.41985539158733,49.630369672480626,159.3178890140759,202.2577498685814,50.91611569668515,87.42200115422085,133.6527409867433,218.7343635880757,116.0136509300204,464.6726124850944
2018-05,146.3508283614958,106.7191679172334,93.34504803192816,54.79882642365899,99.6960675480222,65.25719480288568,71.60570767740298,56.52861645383281,222.4768916047371,153.8646617730811,181.772178370008,76.9405688967796,253.6698557011503,208.0521540073754,22.85329250828221,91.05542026812098,15.5129033225344,94.51037839252584,111.9773283930158,132.0395175182654
2018-06,136.1934024103367,105.7535499232749,115.9322966387916,244.7888914780182,152.4069848459069,47.37494033608818,142.2229634711889,58.9893680791362,275.3653021838404,360.3909588872776,121.8433109775448,140.54521535399877,70.28092393547198,201.870675063145,0.0,141.0264709267908,150.0186960619165,72.06752835732283,47.80819470129123,393.6944302662904
2018-07,166.4349654685901,103.1755209496107,109.2750426504222,255.517880412484,132.8258133915574,99.15183284182004,74.95742161715198,116.6027030775065,237.781737852743,27.67778889112367,177.9084015434582,134.34559818268713,157.0019599887396,287.1175147884757,33.508091857936,93.36018633523236,77.25725015773885,151.5850501815377,69.39406953239644,283.5657990876326
2018-08,126.2188233992996,103.2901254186644,117.9777556067347,95.55888597085506,16.8783148102588,111.6919331460411,130.1228898534555,533.3075994828669,286.012623863541,156.314640438726,143.5338857773261,94.44595587746903,343.0962431726637,216.1014079193915,243.3862444283112,142.7224132557656,345.4823173100646,617.2481809176793,59.12998194119432,286.9023966666422
2018-09,83.15690679950742,182.5317529108387,126.3253170827899,200.8165357242323,68.17188650035676,112.3753924566017,146.9934584328821,184.9403450598273,252.7862952175019,49.07024751827431,83.32974202171752,130.93651803937254,41.51696889574105,107.1934780865778,64.87505956884145,151.2925892495161,94.52005108189056,265.9669804328527,255.9482074749976,215.4379926677743
2018-10,169.3031499360276,170.3597363830885,151.7590647674893,227.8657932959864,190.0476313383983,67.46501632263026,205.0693958422929,238.6794076919129,228.1453533942065,158.662863976302,203.2356042722747,168.44138031335945,90.76252914301196,185.2733597389956,308.6454264341946,207.2392944449873,229.4524492210319,127.8288846133324,146.884854883893,197.3092073202837
2018-11,172.4025222925722,202.9070840638186,95.63976861982862,264.9434294941427,83.78996424896853,71.79022202246188,170.4401409336809,143.3453307269076,212.9382388262573,54.8917967595355,163.3458916847492,137.32070506381655,62.98093026848336,232.5200440721469,89.01421466689312,166.5978063799865,101.9787981189914,167.1574323189498,76.55997883695296,198.8528485574988
2018-12,138.4794617746722,148.796286093349,69.2224808375946,271.9860390221196,219.6833364058004,213.6826509626954,145.3301297659021,235.0720926652129,195.7833524880604,30.7799303305986,134.0075966641853,183.98092739882242,30.29487311517452,198.9610202111838,46.39051220552249,154.2602740006379,219.7650239573047,164.3257072403093,412.2019198041436,193.6714492125772
2019-01,269.8162810969046,274.5877240553867,121.7501895403163,310.9076881555337,165.5094211898319,105.190212898275,198.1639954621631,112.3358582600443,89.63908134632337,126.4921936026627,141.2030968121673,180.30430144922403,45.10988000785043,200.6684898736628,206.0949606992424,277.9797554924949,47.80735157662975,127.4712596354281,164.6065066672572,146.3619161415291
2019-02,203.7806885874987,298.5655599088776,196.5721158536711,264.8413381600701,205.6829318124094,97.7837324624708,221.6505226124372,154.7884626643774,194.6803455329182,285.5002343287354,67.854687908186,197.30612818021172,174.5308416080714,142.8292562619272,185.601489292603,290.0708708218324,36.15475896042243,188.2658325682362,235.8927374761952,154.1448634260713
2019-03,156.6044051822556,151.6267653077307,114.6821240239123,351.8099804589057,121.2687599936947,32.01585877020344,241.7043327655753,152.0076787128165,200.1778191554824,103.9799565662174,192.9675063325518,172.2962112024583,146.3614028427712,114.1883611080254,124.2559360805556,114.0759401432173,207.0543380735922,137.7641223562789,0.0,80.2596696778881
2019-04,165.9259386774103,142.9723498794424,164.9604985817863,262.9532910928495,199.6148608010098,113.5299411182171,255.8436325772967,233.183798143341,290.6473083967346,32.92325641966397,127.4302505798878,199.3804448342319,243.4241448536105,162.8339832964672,105.5484944658724,158.0452689114031,91.15264563090118,289.3525989372677,803.3092346103508,423.0628691799927
2019-05,172.943176713099,291.884152003217,281.183161495927,206.3432938913424,121.6785166870685,55.38988911082418,201.2175447648052,343.4862992337538,197.5673166179193,110.04096669914,75.92349683131525,173.16248118999346,110.592309455808,134.7968672700893,287.4548366552001,273.0894997979684,385.6881477074432,284.0624719577947,85.25183115667991,202.9662370394932
2019-06,199.3086662112371,217.1532413455612,109.492352655744,197.8116923916249,170.6618071761177,135.9765476436648,359.0448445904955,134.2787808519201,287.9680212919259,188.9066389795883,170.2022371503642,194.59744889152938,113.131849318947,169.6009472730739,343.6200697164851,188.8613910793956,178.9087229883941,156.9347929478929,294.0903282886879,372.0144108604217
2019-07,210.6219001953439,226.0586734650421,184.5572476116826,203.1458830851828,229.1484226470347,96.79369941817347,398.5677386112433,90.42625558326084,201.7228460461954,517.6238214695356,178.9600490450779,222.4425982746634,207.0904645407806,214.2389931996765,245.7153358582823,133.9477395124245,50.92993064050041,111.435098549398,0.0,333.1117208781787
2019-08,309.2608779606063,135.613912032963,187.3646219874418,400.2707720342889,130.5094988659874,105.391246660595,257.301673938701,204.1653801281451,82.31970582324426,222.5637865915825,90.88233355578582,216.16756269740281,269.5095287770491,291.3708323279452,135.9799482906529,118.8711270978854,282.2205402347071,162.4563603857033,103.320221603506,119.4067377722237
2019-09,338.7826013033941,214.7336762112362,320.561779909217,324.8586938523495,383.6267477118131,140.8077785369669,407.1314008223951,127.0343726226501,282.5299270032718,207.9927162552685,60.45884015091386,315.3972801665483,579.5047376225317,361.8030723270052,199.0666328067164,159.5033113142662,268.0829868214577,91.52049646284622,294.6267749741774,366.7982053234578
2019-10,208.161542079796,289.0527573682433,211.832854635543,218.9355169188057,182.0808340975123,246.9343102456958,787.2916998406615,174.289871003715,293.678605941527,462.1549601330403,167.8424472450136,329.41504314764364,256.4295418284281,218.1304259596958,589.2466000094162,243.2041772867844,34.7415056706614,127.977389575437,343.3023728428073,270.2498175722561
2019-11,339.0754728612334,326.04983700287,183.4263012988507,274.1004137967339,248.8042053849753,177.3433203590534,174.3288805155191,101.9192507756419,224.9445941438493,236.0966502959094,170.3715683015293,211.60062427102648,135.8395985928463,277.8997004133008,244.4178640693807,330.5178721591466,163.8298646147834,42.99045410755214,560.9017222357407,177.2484036142403
2019-12,310.4620116092263,274.6967427907012,191.3960256282945,316.8831435261435,403.8553912217577,110.4357987113932,335.4957119125373,262.2354025488895,166.3448572385106,291.00908161503,162.6638025778939,271.61321420002525,321.7844855318048,298.0629341519062,368.7051231472118,273.4385254484569,121.5209156118491,347.2461113338613,419.5733491826072,182.0083902278902
