date,oil_price,interest_rate,vix,gdp,jobless_claims,year_month
2010-01-31,72.85,0.11,24.62,14764.61,496000.0,2010-01
2010-02-28,79.72,0.13,19.5,14832.43386516854,488000.0,2010-02
2010-03-31,83.45,0.16,17.59,14907.524573033708,459000.0,2010-03
2010-04-30,86.07,0.2,22.05,14980.193,449000.0,2010-04
2010-05-31,74.0,0.2,32.07,15034.582499999999,458000.0,2010-05
2010-06-30,75.59,0.18,34.54,15087.217499999999,464000.0,2010-06
2010-07-31,78.85,0.18,23.5,15141.607,476000.0,2010-07
2010-08-31,71.93,0.19,26.05,15198.170880434782,467000.0,2010-08
2010-09-30,79.95,0.19,23.7,15252.910119565218,459000.0,2010-09
2010-10-31,81.45,0.19,21.2,15309.474,453000.0,2010-10
2010-11-30,84.12,0.19,23.54,15323.161173913044,432000.0,2010-11
2010-12-31,91.38,0.18,17.75,15337.304586956521,404000.0,2010-12
2011-01-31,90.99,0.17,19.53,15351.448,420000.0,2011-01
2011-02-28,97.1,0.16,18.35,15416.285617977528,385000.0,2011-02
2011-03-31,106.19,0.14,17.74,15488.070123595506,399000.0,2011-03
2011-04-30,113.39,0.1,14.75,15557.539,468000.0,2011-04
2011-05-31,102.7,0.09,15.45,15587.912597826087,418000.0,2011-05
2011-06-30,95.3,0.09,16.52,15617.306402173914,421000.0,2011-06
2011-07-31,95.68,0.07,25.25,15647.68,406000.0,2011-07
2011-08-31,88.81,0.1,31.62,15713.244663043479,409000.0,2011-08
2011-09-30,78.93,0.08,42.96,15776.694336956522,406000.0,2011-09
2011-10-31,93.19,0.07,29.96,15842.259,399000.0,2011-10
2011-11-30,100.36,0.08,27.8,15916.132695652173,397000.0,2011-11
2011-12-31,98.83,0.07,23.4,15992.468847826087,376000.0,2011-12
2012-01-31,98.46,0.08,19.44,16068.805,372000.0,2012-01
2012-02-29,107.08,0.1,18.43,16113.371555555555,365000.0,2012-02
2012-03-31,103.03,0.13,15.5,16161.011666666667,358000.0,2012-03
2012-04-30,104.89,0.14,17.15,16207.115,372000.0,2012-04
2012-05-31,86.52,0.16,24.06,16244.997673913043,381000.0,2012-05
2012-06-30,85.04,0.16,17.08,16281.658326086956,372000.0,2012-06
2012-07-31,88.08,0.16,18.93,16319.541,372000.0,2012-07
2012-08-31,96.47,0.13,17.47,16353.5325,377000.0,2012-08
2012-09-30,92.18,0.14,15.73,16386.4275,376000.0,2012-09
2012-10-31,86.23,0.16,18.6,16420.419,364000.0,2012-10
2012-11-30,88.54,0.16,15.87,16494.691826086957,388000.0,2012-11
2012-12-31,91.83,0.16,18.02,16571.440413043478,362000.0,2012-12
2013-01-31,97.65,0.14,14.28,16648.189,366000.0,2013-01
2013-02-28,92.03,0.15,15.51,16673.514213483144,342000.0,2013-02
2013-03-31,97.24,0.14,12.7,16701.55284269663,375000.0,2013-03
2013-04-30,93.22,0.15,13.52,16728.687,331000.0,2013-04
2013-05-31,91.93,0.11,16.3,16804.553097826087,353000.0,2013-05
2013-06-30,96.36,0.09,16.86,16877.971902173915,340000.0,2013-06
2013-07-31,105.1,0.09,13.45,16953.838,334000.0,2013-07
2013-08-31,107.98,0.08,17.01,17034.09464130435,325000.0,2013-08
2013-09-30,102.36,0.08,16.6,17111.76235869565,319000.0,2013-09
2013-10-31,96.29,0.09,13.75,17192.019,347000.0,2013-10
2013-11-30,92.55,0.08,13.7,17193.883891304347,312000.0,2013-11
2013-12-31,98.17,0.09,13.72,17195.810945652174,332000.0,2013-12
2014-01-31,97.55,0.07,18.41,17197.738,340000.0,2014-01
2014-02-28,102.88,0.07,14.0,17298.654404494384,341000.0,2014-02
2014-03-31,101.57,0.08,13.88,17410.383280898877,330000.0,2014-03
2014-04-30,100.07,0.09,13.41,17518.508,345000.0,2014-04
2014-05-31,103.4,0.09,11.4,17614.783217391305,312000.0,2014-05
2014-06-30,106.07,0.1,11.57,17707.952782608696,308000.0,2014-06
2014-07-31,98.23,0.09,16.95,17804.228,303000.0,2014-07
2014-08-31,97.86,0.09,11.98,17840.569097826086,303000.0,2014-08
2014-09-30,91.17,0.09,16.31,17875.737902173914,290000.0,2014-09
2014-10-31,80.53,0.09,14.03,17912.079,291000.0,2014-10
2014-11-30,65.94,0.09,13.33,17961.464869565218,291000.0,2014-11
2014-12-31,53.45,0.12,19.2,18012.496934782608,285000.0,2014-12
2015-01-31,47.79,0.11,20.97,18063.529,281000.0,2015-01
2015-02-28,49.84,0.11,13.34,18131.564280898874,317000.0,2015-02
2015-03-31,47.72,0.11,15.29,18206.889056179774,269000.0,2015-03
2015-04-30,59.62,0.12,14.55,18279.784,269000.0,2015-04
2015-05-31,60.25,0.12,13.84,18320.83945652174,275000.0,2015-05
2015-06-30,59.48,0.13,18.23,18360.57054347826,275000.0,2015-06
2015-07-31,47.11,0.13,12.12,18401.626,269000.0,2015-07
2015-08-31,49.2,0.14,28.43,18412.91775,279000.0,2015-08
2015-09-30,45.06,0.14,24.5,18423.84525,272000.0,2015-09
2015-10-31,46.6,0.12,15.07,18435.137,275000.0,2015-10
2015-11-30,40.43,0.12,16.13,18464.744391304346,265000.0,2015-11
2015-12-31,37.13,0.24,18.21,18495.338695652175,276000.0,2015-12
2016-01-31,33.66,0.34,20.2,18525.933,282000.0,2016-01
2016-02-29,32.74,0.38,20.55,18585.7919,269000.0,2016-02
2016-03-31,36.94,0.36,13.95,18649.779000000002,271000.0,2016-03
2016-04-30,45.98,0.37,15.7,18711.702,278000.0,2016-04
2016-05-31,49.1,0.37,14.19,18772.669902173915,263000.0,2016-05
2016-06-30,48.27,0.38,15.63,18831.671097826085,262000.0,2016-06
2016-07-31,41.54,0.39,11.87,18892.639,266000.0,2016-07
2016-08-31,44.68,0.4,13.42,18958.931826086955,261000.0,2016-08
2016-09-30,47.72,0.4,13.29,19023.086173913045,247000.0,2016-09
2016-10-31,46.83,0.4,17.06,19089.379,265000.0,2016-10
2016-11-30,49.41,0.41,13.33,19151.565413043478,255000.0,2016-11
2016-12-31,53.75,0.54,14.04,19215.82470652174,244000.0,2016-12
2017-01-31,52.75,0.65,11.99,19280.084,241000.0,2017-01
2017-02-28,54.0,0.66,12.92,19329.967730337077,221000.0,2017-02
2017-03-31,50.54,0.79,12.37,19385.196146067414,236000.0,2017-03
2017-04-30,49.31,0.9,10.82,19438.643,232000.0,2017-04
2017-05-31,48.29,0.91,10.41,19524.213782608695,253000.0,2017-05
2017-06-30,46.02,1.04,11.18,19607.024217391307,247000.0,2017-06
2017-07-31,50.21,1.15,10.26,19692.595,245000.0,2017-07
2017-08-31,47.26,1.16,10.59,19808.674163043477,247000.0,2017-08
2017-09-30,51.67,1.15,9.51,19921.008836956524,260000.0,2017-09
2017-10-31,54.36,1.15,10.18,20037.088,241000.0,2017-10
2017-11-30,57.4,1.16,11.28,20132.13093478261,243000.0,2017-11
2017-12-31,60.46,1.3,11.04,20230.341967391305,248000.0,2017-12
2018-01-31,64.82,1.41,13.54,20328.553,228000.0,2018-01
2018-02-28,61.43,1.42,19.85,20407.94684269663,216000.0,2018-02
2018-03-31,64.87,1.51,19.97,20495.847168539327,232000.0,2018-03
2018-04-30,68.56,1.69,15.93,20580.912,209000.0,2018-04
2018-05-31,66.98,1.7,15.43,20654.307195652174,222000.0,2018-05
2018-06-30,74.13,1.82,16.09,20725.334804347825,228000.0,2018-06
2018-07-31,69.88,1.91,12.83,20798.73,207000.0,2018-07
2018-08-31,69.84,1.91,12.86,20838.873989130432,211000.0,2018-08
2018-09-30,73.16,1.95,12.12,20877.723010869566,210000.0,2018-09
2018-10-31,65.31,2.19,21.23,20917.867,216000.0,2018-10
2018-11-30,50.78,2.2,18.07,20981.040804347824,237000.0,2018-11
2018-12-31,45.15,2.27,25.42,21046.32040217391,238000.0,2018-12
2019-01-31,53.84,2.4,16.57,21111.6,234000.0,2019-01
2019-02-28,57.21,2.4,14.78,21201.68386516854,221000.0,2019-02
2019-03-31,60.19,2.41,13.71,21301.419573033705,203000.0,2019-03
2019-04-30,63.83,2.42,13.12,21397.938,224000.0,2019-04
2019-05-31,53.49,2.39,18.71,21505.505641304346,222000.0,2019-05
2019-06-30,58.2,2.38,15.08,21609.60335869565,226000.0,2019-06
2019-07-31,58.53,2.4,16.12,21717.171,206000.0,2019-07
2019-08-31,55.07,2.13,18.98,21789.96910869565,215000.0,2019-08
2019-09-30,54.09,2.04,16.24,21860.418891304347,215000.0,2019-09
2019-10-31,54.02,1.83,13.22,21933.217,215000.0,2019-10
2019-11-30,58.12,1.55,12.62,21873.876021739132,231000.0,2019-11
2019-12-31,61.14,1.55,13.78,21812.557010869565,231000.0,2019-12
2020-01-31,51.58,1.55,18.84,21751.238,210000.0,2020-01
2020-02-29,44.83,1.58,40.11,21173.510633333335,215000.0,2020-02
2020-03-31,20.51,0.65,53.54,20555.940000000002,5946000.0,2020-03
2020-04-30,19.23,0.05,34.15,19958.291,3446000.0,2020-04
2020-05-31,35.57,0.05,27.51,20546.666282608698,1639000.0,2020-05
2020-06-30,39.27,0.08,30.43,21116.061717391305,1446000.0,2020-06
2020-07-31,40.1,0.09,24.46,21704.437,1260000.0,2020-07
2020-08-31,42.61,0.1,26.41,21833.398010869565,881000.0,2020-08
2020-09-30,40.05,0.09,26.37,21958.198989130437,795000.0,2020-09
2020-10-31,35.64,0.09,38.02,22087.16,773000.0,2020-10
2020-11-30,45.2,0.09,20.57,22280.703369565217,737000.0,2020-11
2020-12-31,48.35,0.09,22.75,22480.698184782606,773000.0,2020-12
2021-01-31,52.16,0.09,33.09,22680.693,803000.0,2021-01
2021-02-28,61.55,0.08,27.95,22915.14329213483,704000.0,2021-02
2021-03-31,59.19,0.07,19.4,23174.713258426968,658000.0,2021-03
2021-04-30,63.5,0.07,18.61,23425.91,574000.0,2021-04
2021-05-31,66.31,0.06,16.76,23613.41585869565,427000.0,2021-05
2021-06-30,73.52,0.08,15.83,23794.87314130435,368000.0,2021-06
2021-07-31,73.93,0.1,18.24,23982.379,379000.0,2021-07
2021-08-31,68.43,0.09,16.48,24262.46433695652,353000.0,2021-08
2021-09-30,75.22,0.08,23.14,24533.51466304348,375000.0,2021-09
2021-10-31,83.5,0.08,16.26,24813.6,261000.0,2021-10
2021-11-30,66.14,0.08,27.19,24956.017499999998,221000.0,2021-11
2021-12-31,75.33,0.08,17.22,25103.18225,217000.0,2021-12
2022-01-31,89.16,0.08,24.83,25250.347,231000.0,2022-01
2022-02-28,96.13,0.08,30.15,25442.554415730337,208000.0,2022-02
2022-03-31,100.53,0.2,20.56,25655.355483146068,214000.0,2022-03
2022-04-30,104.59,0.33,33.4,25861.292,218000.0,2022-04
2022-05-31,114.38,0.77,26.19,26021.35039130435,199000.0,2022-05
2022-06-30,107.76,1.21,28.71,26176.24560869565,212000.0,2022-06
2022-07-31,101.31,1.68,21.33,26336.304,228000.0,2022-07
2022-08-31,90.09,2.33,25.87,26482.613891304347,210000.0,2022-08
2022-09-30,79.91,2.56,31.62,26624.204108695652,190000.0,2022-09
2022-10-31,86.54,3.08,25.88,26770.514,202000.0,2022-10
2022-11-30,80.48,3.78,20.58,26915.926282608696,209000.0,2022-11
2022-12-31,80.16,4.1,21.67,27066.185641304346,205000.0,2022-12
2023-01-31,78.95,4.33,19.4,27216.445,200000.0,2023-01
2023-02-28,76.88,4.57,20.7,27315.10882022472,207000.0,2023-02
2023-03-31,75.68,4.65,18.7,27424.343764044945,234000.0,2023-03
2023-04-30,76.78,4.83,15.78,27530.055,213000.0,2023-04
2023-05-31,68.11,5.06,17.94,27713.62588043478,229000.0,2023-05
2023-06-30,70.66,5.08,13.59,27891.27511956522,236000.0,2023-06
2023-07-31,81.8,5.12,13.63,28074.846,238000.0,2023-07
2023-08-31,83.55,5.33,13.57,28192.739,234000.0,2023-08
2023-09-30,90.77,5.33,17.52,28306.829,216000.0,2023-09
2023-10-31,81.64,5.33,18.14,28424.722,217000.0,2023-10
2023-11-30,75.66,5.33,12.92,28517.147760869568,213000.0,2023-11
2023-12-31,71.89,5.33,12.45,28612.654380434782,200000.0,2023-12
2024-01-31,76.28,5.33,14.35,28708.161,226000.0,2024-01
2024-02-29,79.22,5.33,13.4,28849.578855555555,212000.0,2024-02
2024-03-31,83.96,5.33,13.01,29000.749666666667,223000.0,2024-03
2024-04-30,83.49,5.33,15.65,29147.044,207000.0,2024-04
2024-05-31,77.97,5.33,12.92,29269.90508695652,220000.0,2024-05
2024-06-30,82.83,5.33,12.44,29388.80291304348,238000.0,2024-06
2024-07-31,79.36,5.33,16.36,29511.664,248000.0,2024-07
2024-08-31,74.52,5.33,15.0,29617.30593478261,227000.0,2024-08
2024-09-30,68.75,5.13,16.73,29719.540065217392,227000.0,2024-09
2024-10-31,69.58,4.83,23.16,29825.182,219000.0,2024-10
2024-11-30,68.26,4.64,13.51,29895.920369565218,222000.0,2024-11
2024-12-31,72.44,4.48,17.35,29969.01668478261,212000.0,2024-12
2025-01-31,72.84,4.33,16.43,30042.113,212000.0,2025-01
2025-02-28,69.97,4.33,19.63,30181.677584269662,241000.0,2025-02
2025-03-31,71.87,4.33,22.28,30336.19551685393,220000.0,2025-03
2025-04-30,59.55,4.33,24.7,30485.729,239000.0,2025-04
2025-05-31,61.46,4.33,18.57,30692.046804347825,244000.0,2025-05
2025-06-30,66.3,4.33,16.73,30891.709195652173,231000.0,2025-06
2025-07-31,70.36,4.33,16.72,31098.027,219000.0,2025-07
2025-08-31,64.36,4.33,15.36,31207.369054347826,236000.0,2025-08
2025-09-30,63.17,4.22,16.28,31313.183945652174,225000.0,2025-09
2025-10-31,61.75,4.09,17.44,31422.526,221000.0,2025-10
2025-11-30,58.58,3.88,16.35,31567.046108695653,216000.0,2025-11
2025-12-31,57.26,3.72,14.95,31716.383554347827,203000.0,2025-12
2026-01-31,64.5,3.64,17.44,31865.721,230000.0,2026-01
2026-02-28,66.96,3.64,19.86,,214000.0,2026-02
2026-03-31,102.86,3.64,25.25,,203000.0,2026-03
2026-04-30,108.64,3.64,16.89,,190000.0,2026-04
2026-05-31,91.16,3.63,15.32,,225000.0,2026-05
2026-06-30,71.87,3.63,16.45,,215000.0,2026-06
